-- phpMyAdmin SQL Dump
-- version 4.6.6
-- https://www.phpmyadmin.net/
--
-- Host: localhost
-- Generation Time: Jan 15, 2024 at 07:08 AM
-- Server version: 5.7.17-log
-- PHP Version: 5.6.30

SET SQL_MODE = "NO_AUTO_VALUE_ON_ZERO";
SET time_zone = "+00:00";


/*!40101 SET @OLD_CHARACTER_SET_CLIENT=@@CHARACTER_SET_CLIENT */;
/*!40101 SET @OLD_CHARACTER_SET_RESULTS=@@CHARACTER_SET_RESULTS */;
/*!40101 SET @OLD_COLLATION_CONNECTION=@@COLLATION_CONNECTION */;
/*!40101 SET NAMES utf8mb4 */;

--
-- Database: `db_car_record`
--

-- --------------------------------------------------------

--
-- Table structure for table `tb_brandcar`
--

CREATE TABLE `tb_brandcar` (
  `id` int(11) NOT NULL,
  `brand` varchar(50) NOT NULL,
  `date_add` datetime NOT NULL DEFAULT CURRENT_TIMESTAMP
) ENGINE=InnoDB DEFAULT CHARSET=utf8;

--
-- Dumping data for table `tb_brandcar`
--

INSERT INTO `tb_brandcar` (`id`, `brand`, `date_add`) VALUES
(1, 'TOYOTA', '2023-06-13 10:28:23'),
(2, 'CHEVROLET', '2023-06-13 10:28:23'),
(3, 'HYUNDAI', '2023-06-13 10:28:23'),
(4, 'ISUZU', '2023-06-13 10:28:23'),
(5, 'BAJAJ', '2023-06-13 10:28:23'),
(6, 'VOLKSWAGEEN', '2023-06-13 10:28:23'),
(7, 'HONDA', '2023-06-13 10:28:23'),
(8, 'KOLAO', '2023-06-13 10:28:23'),
(9, 'ZONGSHEN', '2023-06-13 10:28:23');

-- --------------------------------------------------------

--
-- Table structure for table `tb_budget`
--

CREATE TABLE `tb_budget` (
  `id` int(11) NOT NULL,
  `car_id` int(11) DEFAULT NULL,
  `budget_month` int(11) DEFAULT NULL,
  `budget_year` int(11) DEFAULT NULL,
  `amount` int(11) DEFAULT NULL,
  `status_id` int(11) DEFAULT NULL,
  `date_add` datetime DEFAULT CURRENT_TIMESTAMP
) ENGINE=InnoDB DEFAULT CHARSET=utf8;

--
-- Dumping data for table `tb_budget`
--

INSERT INTO `tb_budget` (`id`, `car_id`, `budget_month`, `budget_year`, `amount`, `status_id`, `date_add`) VALUES
(9, 10, 6, 2023, 2130000, 0, '2023-07-17 13:43:44'),
(10, 7, 6, 2023, 520000, 1, '2023-07-17 13:44:04'),
(11, 8, 6, 2023, 2500000, 1, '2023-07-17 13:44:31'),
(12, 12, 6, 2023, 2470000, 1, '2023-07-17 13:45:01'),
(13, 9, 6, 2023, 1930000, 1, '2023-07-17 13:45:29'),
(14, 14, 6, 2023, 1870000, 1, '2023-07-17 13:45:54'),
(15, 16, 6, 2023, 1050000, 1, '2023-07-17 13:46:09'),
(16, 11, 6, 2023, 1000000, 1, '2023-07-17 13:46:34'),
(17, 37, 6, 2023, 2080000, 1, '2023-07-17 13:47:16'),
(18, 18, 6, 2023, 840000, 1, '2023-07-17 13:47:37'),
(19, 18, 6, 2023, 840000, 1, '2023-07-17 13:48:21'),
(20, 18, 6, 2023, 840000, 1, '2023-07-17 13:49:45'),
(22, 10, 8, 2023, 1950000, 1, '2023-08-22 14:56:19'),
(23, 12, 8, 2023, 1240000, 1, '2023-08-22 14:57:07'),
(24, 9, 8, 2023, 2090000, 1, '2023-08-22 14:57:22'),
(25, 14, 8, 2023, 970000, 1, '2023-08-22 14:57:38'),
(26, 11, 8, 2023, 2150000, 1, '2023-08-22 14:57:52'),
(27, 37, 8, 2023, 2110000, 1, '2023-08-22 14:58:16'),
(28, 19, 8, 2023, 1700000, 1, '2023-08-22 14:58:34'),
(30, 7, 8, 2023, 520000, 1, '2023-08-30 11:53:46'),
(39, 8, 8, 2023, 2500000, 1, '2023-09-07 15:32:05'),
(40, 39, 1, 2023, 2000000, 0, '2023-09-08 14:40:43'),
(41, 8, 9, 2023, 2400000, 1, '2023-10-04 16:49:21'),
(42, 14, 9, 2023, 1050000, 1, '2023-10-04 16:49:44'),
(43, 37, 9, 2023, 1550000, 1, '2023-10-04 16:50:03'),
(44, 10, 9, 2023, 1340000, 1, '2023-10-04 16:50:19'),
(45, 9, 9, 2023, 2350000, 1, '2023-10-04 16:50:34'),
(46, 11, 9, 2023, 2300000, 1, '2023-10-04 16:50:46'),
(47, 42, 9, 2023, 400000, 1, '2023-10-04 16:53:15'),
(48, 7, 9, 2023, 2260000, 1, '2023-10-04 17:00:45'),
(49, 52, 9, 2023, 600000, 1, '2023-10-04 17:04:22'),
(50, 53, 9, 2023, 970000, 1, '2023-10-04 17:04:37'),
(51, 39, 9, 2023, 1500000, 0, '2023-10-30 11:06:43'),
(52, 38, 9, 2023, 1500000, 0, '2023-10-30 11:08:27'),
(53, 38, 10, 2023, 1500000, 0, '2023-10-30 11:10:22'),
(54, 38, 10, 2023, 1500000, 0, '2023-10-30 11:10:50'),
(55, 39, 1, 2023, 1000000, 0, '2023-10-30 14:06:18'),
(56, 39, 9, 2023, 1000000, 0, '2023-10-30 14:15:40'),
(57, 39, 9, 2023, 500000, 0, '2023-10-30 14:18:23'),
(58, 38, 9, 2023, 500000, 0, '2023-10-30 14:19:06'),
(59, 39, 10, 2023, 1000000, 0, '2023-10-30 14:20:17'),
(60, 39, 10, 2023, 500000, 0, '2023-10-30 14:20:58'),
(61, 39, 10, 2023, 500000, 0, '2023-10-30 14:21:39'),
(62, 39, 10, 2023, 500000, 0, '2023-10-30 14:22:33'),
(63, 39, 10, 2023, 500000, 0, '2023-10-30 14:22:44'),
(64, 38, 10, 2023, 500000, 0, '2023-10-30 14:22:57'),
(65, 10, 10, 2023, 2751000, 1, '2023-11-01 10:02:42'),
(66, 37, 10, 2023, 2500000, 1, '2023-11-01 10:03:00'),
(67, 58, 10, 2023, 500000, 1, '2023-11-01 10:03:16'),
(68, 42, 10, 2023, 1000000, 1, '2023-11-01 10:03:30'),
(69, 15, 10, 2023, 1350000, 1, '2023-11-01 10:03:43'),
(70, 8, 10, 2023, 2600000, 1, '2023-11-01 10:03:54'),
(71, 11, 10, 2023, 2384000, 1, '2023-11-01 10:04:09'),
(72, 14, 10, 2023, 1300000, 1, '2023-11-01 10:04:34'),
(73, 43, 10, 2023, 1450000, 1, '2023-11-01 10:04:51'),
(74, 12, 10, 2023, 1390000, 1, '2023-11-01 10:05:02'),
(75, 9, 10, 2023, 1300000, 1, '2023-11-01 10:05:12'),
(76, 59, 10, 2023, 750000, 1, '2023-11-01 10:06:12'),
(77, 7, 10, 2023, 2500000, 1, '2023-11-01 10:06:24'),
(78, 53, 10, 2023, 1000000, 1, '2023-11-01 10:12:32'),
(79, 52, 10, 2023, 500000, 1, '2023-11-01 10:12:56'),
(80, 39, 9, 2023, 1500000, 1, '2023-11-07 15:18:42'),
(81, 39, 10, 2023, 1000000, 0, '2023-11-07 15:18:59'),
(82, 38, 9, 2023, 500000, 1, '2023-11-07 15:20:02'),
(83, 62, 1, 2023, 1000000, 0, '2023-11-07 15:20:22'),
(84, 39, 10, 2023, 1000000, 0, '2023-11-07 15:20:36'),
(85, 62, 9, 2023, 1000000, 1, '2023-11-07 15:20:54'),
(86, 39, 10, 2023, 1000000, 1, '2023-11-07 15:21:06'),
(87, 38, 10, 2023, 500000, 1, '2023-11-07 15:21:22'),
(88, 62, 10, 2023, 500000, 1, '2023-11-07 15:22:18'),
(89, 10, 11, 2023, 3000000, 1, '2023-12-01 10:15:32'),
(90, 15, 11, 2023, 1280000, 1, '2023-12-01 10:15:56'),
(91, 43, 1, 2023, 2950000, 0, '2023-12-01 10:16:11'),
(92, 37, 1, 2023, 2500000, 0, '2023-12-01 10:16:29'),
(93, 11, 1, 2023, 2420000, 0, '2023-12-01 10:16:51'),
(94, 9, 1, 2023, 1370000, 0, '2023-12-01 10:17:13'),
(95, 58, 1, 2023, 300000, 0, '2023-12-01 10:17:26'),
(96, 43, 11, 2023, 2950000, 1, '2023-12-01 10:21:28'),
(97, 37, 11, 2023, 2500000, 1, '2023-12-01 10:21:49'),
(98, 11, 11, 2023, 2420000, 1, '2023-12-01 10:22:02'),
(99, 9, 11, 2023, 1370000, 1, '2023-12-01 10:22:14'),
(100, 58, 11, 2023, 300000, 1, '2023-12-01 10:22:24'),
(101, 12, 11, 2023, 1500000, 1, '2023-12-01 10:22:38'),
(102, 8, 11, 2023, 2360000, 1, '2023-12-01 10:22:59'),
(103, 42, 11, 2023, 500000, 1, '2023-12-01 10:23:17'),
(104, 14, 11, 2023, 1000000, 1, '2023-12-01 10:23:42'),
(105, 7, 11, 2023, 2400000, 1, '2023-12-01 10:24:51'),
(106, 52, 11, 2023, 900000, 1, '2023-12-01 10:25:14'),
(107, 39, 11, 2023, 1500000, 1, '2023-12-05 12:02:40'),
(108, 38, 11, 2023, 500000, 1, '2023-12-05 12:03:04'),
(109, 62, 11, 2023, 500000, 1, '2023-12-05 12:03:21'),
(110, 7, 12, 2023, 2101000, 1, '2024-01-02 15:44:36'),
(111, 53, 12, 2023, 1050000, 1, '2024-01-02 15:44:57'),
(112, 52, 12, 2023, 450000, 1, '2024-01-02 15:45:16'),
(113, 10, 12, 2023, 2500000, 1, '2024-01-02 15:45:45'),
(114, 12, 12, 2023, 1420000, 1, '2024-01-02 15:45:57'),
(115, 37, 12, 2023, 2210000, 1, '2024-01-02 15:46:13'),
(116, 15, 12, 2023, 1270000, 1, '2024-01-02 15:46:33'),
(117, 9, 12, 2023, 2410000, 1, '2024-01-02 15:46:45'),
(118, 8, 12, 2023, 2600000, 1, '2024-01-02 15:46:56'),
(119, 14, 12, 2023, 1100000, 1, '2024-01-02 15:47:08'),
(120, 11, 12, 2023, 1400000, 1, '2024-01-02 15:47:17');

-- --------------------------------------------------------

--
-- Table structure for table `tb_business`
--

CREATE TABLE `tb_business` (
  `id` int(11) NOT NULL,
  `name` varchar(50) NOT NULL,
  `date_add` datetime NOT NULL DEFAULT CURRENT_TIMESTAMP
) ENGINE=InnoDB DEFAULT CHARSET=utf8;

--
-- Dumping data for table `tb_business`
--

INSERT INTO `tb_business` (`id`, `name`, `date_add`) VALUES
(1, 'ຫ້ອງການໃຫຍ່', '2023-06-09 15:28:42'),
(2, 'ສວນນ້ຳ', '2023-06-09 15:28:42'),
(3, 'ໄອເຕັກມໍລ', '2023-06-09 15:28:42'),
(4, 'ວາງສະແດງ', '2023-06-09 15:28:42'),
(5, 'ທົ່ງຂັນຄຳ', '2023-06-09 15:28:42'),
(6, 'ໄອເຕັກສະຫວັນ', '2023-06-09 15:28:42'),
(7, 'ເລກໄອເຕັກ', '2023-06-09 15:28:42'),
(8, 'ເຢສພລີດ', '2023-06-09 15:28:42'),
(9, 'TK Namsuang', '2023-06-09 15:28:42'),
(10, 'TPD', '2023-10-10 09:53:20');

-- --------------------------------------------------------

--
-- Table structure for table `tb_car`
--

CREATE TABLE `tb_car` (
  `id` int(11) NOT NULL,
  `car_reg` varchar(50) NOT NULL,
  `type_id` int(11) DEFAULT NULL,
  `brand_id` int(11) DEFAULT NULL,
  `model` varchar(50) DEFAULT NULL,
  `status_id` int(11) DEFAULT NULL,
  `date_add` datetime DEFAULT CURRENT_TIMESTAMP,
  `amount_limit` int(11) NOT NULL,
  `bu_id` int(11) NOT NULL,
  `color` varchar(50) DEFAULT NULL,
  `machine_no` varchar(50) DEFAULT NULL,
  `machine_no1` varchar(50) DEFAULT NULL
) ENGINE=InnoDB DEFAULT CHARSET=utf8;

--
-- Dumping data for table `tb_car`
--

INSERT INTO `tb_car` (`id`, `car_reg`, `type_id`, `brand_id`, `model`, `status_id`, `date_add`, `amount_limit`, `bu_id`, `color`, `machine_no`, `machine_no1`) VALUES
(7, 'ກຕ 5902', 1, 0, '', 1, '2023-06-14 09:43:51', 0, 8, 'ຂາວ', 'LCU150890370', 'LSGSA58M4FY197411'),
(8, 'ກຍ 1354', 2, 0, 'VIGO', 1, '2023-06-14 10:05:33', 0, 1, 'ສີປອນເງິນ', '1KDA551403', 'MROFZ29G702554198'),
(9, 'ກສ 8459', 2, 0, 'VIGO', 1, '2023-06-14 10:07:19', 0, 1, 'ສີປອນເງິນ', '2KDS461883', 'MROFR22G900791085'),
(10, 'ກຕ 2446', 2, 0, 'VIGO', 1, '2023-06-14 10:18:18', 0, 1, 'ສີປອນເງິນ', '1KD5684985', 'MROFZ29G801646992'),
(11, 'ກນ 3575', 2, 0, 'VIGO', 1, '2023-06-14 10:23:47', 0, 1, 'ຂາວ', '1KDU722069', 'MROFZ29G602572272'),
(12, 'ກຈ 2693', 1, 0, 'SONATA', 1, '2023-06-14 10:24:21', 0, 1, 'ສີເທົາ', 'G4KDBA984883', 'KMHEC41BBCA396200'),
(13, 'ກຍ 1355', 2, 0, 'VIGO', 1, '2023-06-14 10:24:39', 0, 10, 'ສີປອນເງິນ', '1KDA562213', 'MROFZ29G702555593'),
(14, 'ກຈ 8188', 2, 0, 'D-MAX', 1, '2023-06-14 10:25:10', 0, 1, 'ສີປອນທອງ', '124819', 'MPATFR54HBH546537'),
(15, 'ກຈ 4033', 1, 0, 'I10', 1, '2023-06-14 10:25:32', 0, 1, 'ສີເທົາ', 'G4HGCM587228', 'MALAN51BBDM299460'),
(16, 'ກຂ 7887', 2, 0, 'VIGO', 1, '2023-06-14 10:25:52', 0, 1, 'ສີປອນເງິນ', '2KD7885626', 'MR0ES19G504004772'),
(17, 'ກນ 4618', 1, 0, 'BAJAJ QUTE', 1, '2023-06-14 10:26:19', 0, 8, 'ຂາວ', 'BFYWMK03969', 'MD2A68CY2MWK06761'),
(18, '0001', 3, 0, '', 4, '2023-06-14 10:27:12', 0, 7, NULL, NULL, NULL),
(19, '0002', 4, 0, '', 4, '2023-06-14 10:28:35', 0, 1, NULL, NULL, NULL),
(20, '0003', 5, 0, '', 4, '2023-06-14 10:28:46', 0, 1, NULL, NULL, NULL),
(21, 'ກກ 3593', 6, 4, '', 5, '2023-06-14 10:37:49', 0, 1, NULL, NULL, NULL),
(22, 'ກທ 6888', 7, 3, 'TQ', 2, '2023-06-14 10:38:10', 0, 1, NULL, NULL, NULL),
(23, 'ກຍ 6777', 7, 3, 'TQ', 0, '2023-06-14 10:38:29', 0, 5, NULL, NULL, NULL),
(24, 'ກສ 8675', 7, 3, 'TQ', 2, '2023-06-14 10:39:04', 0, 4, NULL, NULL, NULL),
(25, 'ກຕ 5905', 7, 6, '', 2, '2023-06-14 10:39:19', 0, 4, NULL, NULL, NULL),
(26, 'ຈຍ 1474', 8, 0, 'WAVE100', 1, '2023-06-14 10:40:01', 0, 1, 'ແດງດຳ', 'SMCEO26832', 'SMCFO26832'),
(27, 'ຈຍ 1473', 8, 0, 'WAVE 100', 1, '2023-06-14 10:40:36', 0, 1, 'ແດງດຳ', 'SMCEO26789', 'SMCFO26789'),
(28, 'ຈຍ 1846', 8, 0, 'WAVE 100', 1, '2023-06-14 10:40:52', 0, 4, 'ແດງດຳ', 'HA15E2354576', 'RP2HA1500MC354576'),
(30, 'ຈຍ 1848', 8, 0, 'WAVE 100', 1, '2023-06-14 10:41:19', 0, 8, 'ແດງດຳ', 'HA15E2376778', 'RP2HA1500MC376778'),
(31, 'ຈຍ 1849', 8, 0, 'WAVE 100', 1, '2023-06-14 10:41:36', 0, 2, 'ແດງດຳ', 'HA152364812', 'RP2HA1500MC364812'),
(32, 'ຈຍ 1850', 8, 0, 'WAVE 100', 1, '2023-06-14 10:41:48', 0, 1, 'ແດງດຳ', 'HA15E2364728', 'RP2HA1500MC364728'),
(33, 'ຈຈ 0060', 8, 0, 'WAVE 100', 1, '2023-06-14 10:42:02', 0, 3, 'ຟ້າດຳ', 'NF100E8326452', 'NF1008326452'),
(34, 'ຈສ 7931', 8, 0, 'WAVE 100', 1, '2023-06-14 10:42:14', 0, 5, 'ຟ້າດຳ', 'NF100E8242064', 'NF1008242064'),
(35, 'ຈຈ 2612', 8, 0, 'SONATA', 1, '2023-06-14 10:42:32', 0, 1, 'ດຳ', 'KL100A0599370', 'KLWAA10581150'),
(37, 'ກສ 8152', 1, 0, 'GRAND I', 1, '2023-06-14 10:43:34', 0, 1, 'ຂາວ', 'G4LADM199226', 'MALA851CBEM053903'),
(38, 'ກຄ 9889', 1, 0, 'ELANTRA', 1, '2023-09-08 09:08:06', 0, 6, 'ສີເທົາ', 'G4FC9U766735', 'KMHDU41BBAU922366'),
(39, 'ກກ 4031', 2, 0, 'VIGO', 1, '2023-09-08 09:08:57', 0, 6, 'ສີປອນທອງ', '2KD5199522', 'MROES19G004006607'),
(40, 'ຈກ 0721', 8, 0, 'SONATA', 1, '2023-09-08 09:09:35', 0, 6, 'ຟ້າ', 'KL100A0411874', 'KLWAA10393654'),
(41, 'ຈກ 0212', 8, 0, 'WAVE', 1, '2023-09-08 09:10:12', 0, 6, 'ແດງ', 'NF100E8115476', 'NF1008115476'),
(42, 'ລົດໂຟກລິບ0002', 4, 0, '', 1, '2023-09-08 09:13:31', 0, 1, '', '', ''),
(43, 'ກຕ 5905', 7, 0, '', 1, '2023-09-23 10:47:37', 0, 1, 'ນ້ຳຕານ', 'CFC100849', 'WV2ENLSV9EH001045'),
(44, 'ກສ 8459', 2, 1, 'VIGO', 0, '2023-09-23 10:48:40', 0, 1, '', '', ''),
(45, 'ກຕ 2446', 2, 1, 'VIGO', 0, '2023-09-23 10:49:18', 0, 1, '', '', ''),
(46, 'ກນ 3575', 2, 1, 'VIGO', 4, '2023-09-23 10:49:46', 0, 1, '', '', ''),
(48, 'ກຈ 4033', 1, 3, 'I10', 0, '2023-09-23 10:51:26', 0, 1, '', '', ''),
(49, 'ກຂ 7887', 2, 1, 'VIGO', 0, '2023-09-23 10:52:02', 0, 1, '', '', ''),
(50, 'ກສ 8152', 1, 3, 'GRANDI', 0, '2023-09-23 10:54:15', 0, 1, '', '', ''),
(51, 'ລົດໂຟກລິບ0001', 3, 0, '', 0, '2023-10-04 16:52:39', 0, 0, '', '', ''),
(52, 'ກກ 6785', 1, 0, 'PICANTO', 1, '2023-10-04 17:02:20', 0, 5, 'ສີປອນເງິນ', 'G4HG9P002916', 'KNABK513AAT868208'),
(53, 'ກຂ 7997', 1, 0, 'VIGO', 1, '2023-10-04 17:03:04', 0, 5, 'ຂາວ', '2KD7882645', 'MR0ES19G004004744'),
(55, 'ຈຍ 1847', 8, 7, 'WAVE100', 1, '2023-10-12 14:27:54', 0, 8, 'ແດງດຳ', 'HA15E2376757', 'RP2HA1500MC376757'),
(56, 'ກຕ 6034', 0, 1, 'VIGO', 1, '2023-10-12 16:21:50', 0, 7, 'ສີປອນເງິນ', '2KDA447386', 'MR0ER39G007625925'),
(57, 'ບຂ 4112', 0, 0, 'JMC', 1, '2023-10-12 16:24:15', 0, 1, 'ຂາວ', 'F5080304', 'LEFYPCG38FHN50039'),
(58, 'ລົດໂຟກລິບ0001', 3, 0, '', 1, '2023-10-12 16:28:00', 0, 1, '', '', ''),
(59, 'ລົດຕັກ0003', 5, 0, '', 1, '2023-11-01 10:05:53', 0, 1, '', '', ''),
(60, 'ລົດໂຟກລິບSIM', 4, 0, '', 0, '2023-11-01 15:03:00', 0, 6, '', '', ''),
(61, 'ລົດໂຟກລິບSIM', 4, 0, 'ລົດໂຟກລິບSIM', 0, '2023-11-01 15:07:11', 0, 6, '', '', ''),
(62, 'ລົດໂຟກລິບSIM', 4, 4, 'ລົດໂຟກລິບSIM', 1, '2023-11-01 15:09:15', 0, 6, '', '', '');

-- --------------------------------------------------------

--
-- Table structure for table `tb_cardinvoice`
--

CREATE TABLE `tb_cardinvoice` (
  `id` int(11) NOT NULL,
  `invoice_month` int(11) NOT NULL,
  `invoice_year` int(11) NOT NULL,
  `bu_id` int(11) NOT NULL,
  `invoice_amount` int(11) NOT NULL,
  `status_id` int(11) NOT NULL,
  `date_add` datetime NOT NULL DEFAULT CURRENT_TIMESTAMP
) ENGINE=InnoDB DEFAULT CHARSET=utf8;

-- --------------------------------------------------------

--
-- Table structure for table `tb_diary_record_car`
--

CREATE TABLE `tb_diary_record_car` (
  `id` int(11) NOT NULL,
  `car_reg_id` int(11) NOT NULL,
  `unit_id` int(11) NOT NULL,
  `driver_id` int(11) NOT NULL,
  `date` varchar(10) NOT NULL,
  `time_start` varchar(10) NOT NULL,
  `time_end` varchar(10) NOT NULL,
  `meter_start` varchar(10) NOT NULL,
  `meter_end` varchar(10) NOT NULL,
  `remark` varchar(50) DEFAULT NULL,
  `user_add` varchar(10) NOT NULL,
  `date_add` datetime NOT NULL DEFAULT CURRENT_TIMESTAMP,
  `isDelete` varchar(10) NOT NULL DEFAULT 'no'
) ENGINE=InnoDB DEFAULT CHARSET=utf8;

--
-- Dumping data for table `tb_diary_record_car`
--

INSERT INTO `tb_diary_record_car` (`id`, `car_reg_id`, `unit_id`, `driver_id`, `date`, `time_start`, `time_end`, `meter_start`, `meter_end`, `remark`, `user_add`, `date_add`, `isDelete`) VALUES
(42, 37, 33, 1, '2023-07-03', '08:50', '00:00', '66090', '66107', NULL, '2', '2023-07-10 09:31:20', 'no'),
(43, 37, 11, 8, '2023-07-04', '09:00', '10:00', '66107', '66155', NULL, '2', '2023-07-10 09:31:20', 'no'),
(44, 37, 3, 6, '2023-07-04', '13:48', '15:00', '66155', '66164', NULL, '2', '2023-07-10 09:35:12', 'no'),
(45, 37, 19, 6, '2023-07-04', '15:00', '15:30', '66164', '66166', NULL, '2', '2023-07-10 09:35:12', 'no'),
(46, 37, 1, 2, '2023-07-05', '10:00', '11:30', '66166', '66176', NULL, '2', '2023-07-10 09:36:13', 'no'),
(47, 37, 2, 6, '2023-07-05', '16:18', '17:10', '66176', '66190', '', '3', '2023-07-26 10:46:56', 'no'),
(48, 37, 11, 6, '2023-07-07', '09:00', '11:10', '66190', '66212', '', '3', '2023-07-26 10:46:57', 'no'),
(49, 37, 19, 1, '2023-07-09', '08:30', '19:04', '66212', '66252', '', '3', '2023-07-26 10:46:57', 'no'),
(50, 37, 12, 1, '2023-07-10', '10:00', '00:00', '66252', '66293', '', '3', '2023-07-26 10:46:57', 'no'),
(51, 37, 48, 5, '2023-07-10', '13:36', '17:15', '66293', '66324', '', '3', '2023-07-26 10:51:08', 'no'),
(52, 37, 33, 6, '2023-07-12', '09:30', '11:30', '66324', '66348', '', '3', '2023-07-26 11:59:17', 'no'),
(53, 37, 1, 4, '2023-07-12', '13:30', '15:00', '66348', '66363', '', '3', '2023-07-26 11:59:17', 'no'),
(54, 37, 10, 6, '2023-07-13', '09:15', '11:30', '66363', '66376', '', '3', '2023-07-26 11:59:17', 'no'),
(55, 37, 3, 4, '2023-07-13', '14:00', '14:45', '66376', '66384', '', '3', '2023-07-26 11:59:17', 'no'),
(56, 37, 3, 7, '2023-07-14', '16:40', '17:30', '66384', '66413', '', '3', '2023-07-26 11:59:17', 'no'),
(57, 37, 2, 5, '2023-07-17', '13:30', '15:27', '66413', '66429', '', '3', '2023-07-26 11:59:17', 'no'),
(58, 37, 3, 2, '2023-07-18', '09:30', '10:30', '66429', '66441', '', '3', '2023-07-26 11:59:17', 'no'),
(59, 37, 10, 6, '2023-07-19', '14:00', '16:00', '66441', '66479', '', '3', '2023-07-26 11:59:17', 'no'),
(60, 37, 3, 8, '2023-07-19', '10:11', '11:58', '66479', '66497', '', '3', '2023-07-26 11:59:17', 'no'),
(61, 37, 11, 2, '2023-07-20', '14:00', '15:00', '66497', '66500', '', '3', '2023-07-26 11:59:17', 'no'),
(62, 37, 3, 6, '2023-07-20', '10:30', '15:40', '66500', '66504', '', '3', '2023-07-26 11:59:17', 'no'),
(63, 37, 10, 8, '2023-07-21', '09:30', '11:37', '66504', '66518', '', '3', '2023-07-26 11:59:17', 'no'),
(64, 37, 21, 1, '2023-07-21', '14:00', '16:30', '66,518', '66,548', '', '3', '2023-07-26 11:59:17', 'no'),
(65, 37, 33, 6, '2023-07-24', '10:59', '11:00', '66,548', '66,550', '', '3', '2023-07-26 11:59:17', 'no'),
(66, 37, 48, 6, '2023-07-24', '13:30', '14:00', '66,550', '66,581', '', '3', '2023-07-26 11:59:17', 'no'),
(67, 37, 48, 1, '2023-07-25', '14:00', '15:50', '66,582', '66,627', '', '3', '2023-07-26 11:59:17', 'no'),
(68, 37, 10, 1, '2023-07-25', '16:00', '17:20', '66,627', '66,642', '', '3', '2023-07-26 11:59:17', 'no'),
(69, 37, 1, 6, '2023-07-25', '11:59', '11:59', '66642', '66651', '', '3', '2023-07-26 11:59:17', 'no'),
(70, 10, 1, 8, '2023-08-01', '13:49', '15:19', '151256', '151296', '', '3', '2023-08-07 08:36:59', 'yes'),
(71, 9, 25, 1, '2023-08-01', '13:00', '14:30', '152072', '152096', '', '3', '2023-08-07 08:38:30', 'no'),
(72, 14, 1, 1, '2023-08-03', '13:30', '14:35', '153823', '153897', '', '3', '2023-08-16 20:23:09', 'no'),
(73, 14, 1, 1, '2023-08-04', '09:30', '11:26', '153897', '153964', '', '3', '2023-08-16 20:23:09', 'no'),
(74, 14, 10, 2, '2023-08-04', '13:30', '15:22', '153964', '153978', '', '3', '2023-08-16 20:23:09', 'no'),
(75, 14, 4, 2, '2023-08-08', '09:30', '11:30', '153978', '153998', '', '3', '2023-08-16 20:27:54', 'no'),
(76, 14, 24, 1, '2023-08-09', '13:20', '14:30', '153998', '154020', '', '3', '2023-08-17 14:33:57', 'no'),
(77, 14, 3, 7, '2023-08-10', '09:30', '23:30', '154020', '154040', '', '3', '2023-08-17 14:33:57', 'no'),
(78, 14, 1, 8, '2023-08-10', '13:30', '16:30', '154040', '154052', '', '3', '2023-08-17 14:33:57', 'no'),
(79, 14, 3, 8, '2023-08-11', '10:30', '11:41', '154052', '154057', '', '3', '2023-08-17 14:33:57', 'no'),
(80, 14, 3, 2, '2023-08-14', '09:30', '23:30', '154057', '154075', '', '3', '2023-08-17 14:33:57', 'no'),
(81, 14, 26, 2, '2023-08-14', '14:30', '16:00', '154075', '154084', '', '3', '2023-08-17 14:33:57', 'no'),
(82, 14, 3, 8, '2023-08-15', '14:30', '16:00', '154084', '154125', '', '3', '2023-08-17 14:33:57', 'no'),
(83, 14, 24, 1, '2023-08-09', '13:20', '14:30', '153998', '154020', '', '3', '2023-08-17 14:45:19', 'no'),
(84, 14, 3, 7, '2023-08-10', '09:30', '23:30', '154020', '154040', '', '3', '2023-08-17 14:45:19', 'no'),
(85, 14, 1, 8, '2023-08-10', '13:30', '16:30', '154040', '154052', '', '3', '2023-08-17 14:45:19', 'no'),
(86, 14, 3, 8, '2023-08-11', '10:30', '11:41', '154052', '154057', '', '3', '2023-08-17 14:45:19', 'no'),
(87, 14, 3, 2, '2023-08-14', '09:30', '23:30', '154057', '154075', '', '3', '2023-08-17 14:45:19', 'no'),
(88, 14, 26, 2, '2023-08-14', '14:30', '16:00', '154075', '154084', '', '3', '2023-08-17 14:45:19', 'no'),
(89, 14, 3, 8, '2023-08-15', '14:30', '16:00', '154084', '154125', '', '3', '2023-08-17 14:45:19', 'no'),
(90, 37, 33, 8, '2023-08-02', '13:25', '15:45', '66924', '66954', '', '3', '2023-08-17 15:50:36', 'no'),
(91, 37, 3, 7, '2023-08-03', '09:30', '11:30', '66954', '66993', '', '3', '2023-08-17 15:50:36', 'no'),
(92, 37, 1, 6, '2023-08-03', '13:45', '14:20', '66993', '67006', '', '3', '2023-08-17 15:50:36', 'no'),
(93, 37, 1, 6, '2023-08-03', '15:30', '16:50', '67006', '67030', '', '3', '2023-08-17 15:50:36', 'no'),
(94, 37, 1, 6, '2023-08-04', '09:00', '11:59', '67030', '67080', '', '3', '2023-08-17 15:50:36', 'no'),
(95, 37, 1, 6, '2023-08-04', '13:50', '16:35', '67080', '67110', '', '3', '2023-08-17 15:50:36', 'no'),
(96, 37, 1, 1, '2023-08-07', '09:33', '10:00', '67110', '67116', '', '3', '2023-08-17 15:50:36', 'no'),
(97, 37, 1, 6, '2023-08-07', '10:50', '11:32', '67116', '67120', '', '3', '2023-08-17 15:50:36', 'no'),
(98, 37, 1, 1, '2023-08-08', '10:20', '00:00', '67120', '67145', '', '3', '2023-08-17 15:50:36', 'no'),
(99, 37, 3, 6, '2023-08-08', '13:00', '14:00', '67145', '67154', '', '3', '2023-08-17 15:50:36', 'no'),
(100, 37, 3, 1, '2023-08-08', '17:00', '17:30', '67154', '67213', '', '3', '2023-08-17 15:50:36', 'no'),
(101, 37, 52, 1, '2023-08-10', '22:00', '15:45', '67213', '67243', '', '3', '2023-08-17 15:50:36', 'no'),
(102, 37, 3, 1, '2023-08-11', '13:30', '15:30', '67247', '67267', '', '3', '2023-08-17 15:50:36', 'no'),
(103, 37, 3, 1, '2023-08-11', '15:30', '16:36', '67267', '67288', '', '3', '2023-08-17 15:50:36', 'no'),
(104, 37, 1, 8, '2023-08-14', '16:32', '17:45', '67288', '67300', '', '3', '2023-08-17 15:50:36', 'no'),
(105, 37, 1, 8, '2023-08-16', '09:30', '11:50', '67300', '67338', '', '3', '2023-08-17 15:50:36', 'no'),
(106, 37, 1, 8, '2023-08-17', '10:00', '11:57', '67338', '67356', '', '3', '2023-08-17 15:50:36', 'no'),
(108, 8, 48, 5, '2023-08-01', '13:00', '16:55', '142078', '142123', '', '3', '2023-08-21 18:46:34', 'no'),
(109, 8, 1, 5, '2023-08-02', '13:30', '16:30', '142023', '142190', '', '3', '2023-08-21 18:46:34', 'no'),
(110, 8, 1, 5, '2023-08-03', '09:00', '00:00', '142190', '142218', '', '3', '2023-08-21 18:46:34', 'no'),
(111, 8, 1, 5, '2023-08-03', '13:00', '15:20', '142218', '142234', '', '3', '2023-08-21 18:46:34', 'no'),
(112, 8, 1, 5, '2023-08-07', '15:08', '16:01', '142234', '142248', '', '3', '2023-08-21 18:46:34', 'no'),
(113, 8, 48, 5, '2023-08-08', '10:00', '16:48', '142248', '142342', '', '3', '2023-08-21 18:46:34', 'no'),
(114, 8, 48, 5, '2023-08-09', '09:00', '14:02', '142342', '142389', '', '3', '2023-08-21 18:46:34', 'no'),
(115, 8, 48, 5, '2023-08-09', '13:30', '17:17', '142389', '142451', '', '3', '2023-08-21 18:46:34', 'no'),
(116, 8, 48, 5, '2023-08-10', '10:00', '00:30', '142451', '142489', '', '3', '2023-08-21 18:46:34', 'no'),
(117, 8, 3, 7, '2023-08-14', '13:30', '15:00', '142489', '142526', '', '3', '2023-08-21 18:46:34', 'no'),
(118, 8, 3, 7, '2023-08-16', '14:30', '14:41', '142526', '142530', '', '3', '2023-08-21 18:56:20', 'no'),
(119, 8, 1, 8, '2023-08-17', '13:30', '16:10', '142530', '142555', '', '3', '2023-08-21 18:56:20', 'no'),
(120, 8, 17, 8, '2023-08-18', '10:30', '12:09', '142555', '142565', '', '3', '2023-08-21 18:56:20', 'no'),
(121, 8, 11, 6, '2023-08-18', '13:30', '15:15', '142565', '142578', '', '3', '2023-08-21 18:56:20', 'no'),
(122, 8, 4, 8, '2023-08-21', '10:18', '11:40', '142578', '142587', '', '3', '2023-08-21 18:56:20', 'no'),
(123, 8, 3, 6, '2023-08-21', '13:11', '15:30', '142587', '142617', '', '3', '2023-08-21 18:56:20', 'no'),
(124, 9, 1, 1, '2023-08-01', '05:44', '05:45', '152055', '152072', '', '3', '2023-08-21 20:34:27', 'no'),
(125, 9, 1, 1, '2023-08-01', '09:30', '11:00', '152072', '152096', '', '3', '2023-08-21 20:34:27', 'no'),
(126, 9, 1, 8, '2023-08-02', '10:30', '11:30', '152096', '152111', '', '3', '2023-08-21 20:34:27', 'no'),
(127, 9, 1, 1, '2023-08-02', '13:30', '14:30', '152111', '152143', '', '3', '2023-08-21 20:34:27', 'no'),
(128, 9, 1, 2, '2023-08-02', '03:00', '16:30', '152143', '152157', '', '3', '2023-08-21 20:34:27', 'no'),
(129, 9, 1, 1, '2023-08-03', '09:00', '11:31', '152157', '152197', '', '3', '2023-08-21 20:34:27', 'no'),
(131, 9, 1, 1, '2023-08-05', '09:10', '10:30', '152233', '152239', '', '3', '2023-08-21 20:34:27', 'no'),
(132, 9, 1, 1, '2023-08-07', '09:00', '11:30', '152239', '152292', '', '3', '2023-08-21 20:34:27', 'no'),
(133, 9, 17, 1, '2023-08-08', '09:00', '10:00', '152292', '152309', '', '3', '2023-08-21 20:34:27', 'no'),
(134, 9, 24, 1, '2023-08-08', '10:10', '11:00', '152309', '152327', 'ຂັບເອງ', '3', '2023-08-21 20:34:27', 'no'),
(135, 9, 3, 2, '2023-08-09', '09:00', '10:30', '152327', '152343', '', '3', '2023-08-21 20:34:27', 'no'),
(136, 9, 1, 1, '2023-08-09', '11:00', '12:00', '152343', '152379', '', '3', '2023-08-21 20:34:27', 'no'),
(137, 9, 3, 1, '2023-08-09', '13:30', '14:20', '152379', '152387', '', '3', '2023-08-21 20:34:27', 'no'),
(151, 39, 43, 9, '2023-01-09', '09:00', '10:00', '289100', '289108', '', '6', '2023-09-12 11:24:43', 'yes'),
(152, 39, 41, 9, '2023-01-09', '16:15', '17:00', '289108', '289135', '', '6', '2023-09-12 11:24:43', 'yes'),
(153, 39, 43, 9, '2023-01-09', '09:00', '10:00', '289100', '289108', '', '6', '2023-09-12 11:29:09', 'yes'),
(154, 39, 41, 9, '2023-01-09', '16:15', '17:00', '289108', '289135', '', '6', '2023-09-12 11:29:09', 'yes'),
(155, 39, 40, 9, '2023-02-09', '09:04', '10:20', '289135', '289153', '', '6', '2023-09-12 15:17:19', 'yes'),
(156, 39, 43, 9, '2023-04-09', '10:00', '11:20', '289153', '289162', '', '6', '2023-09-12 15:22:14', 'yes'),
(157, 39, 40, 9, '2023-04-09', '16:40', '17:00', '289162', '289169', '', '6', '2023-09-12 15:25:52', 'yes'),
(158, 39, 40, 9, '2023-05-09', '10:00', '11:00', '289162', '289177', '', '6', '2023-09-12 15:27:19', 'yes'),
(159, 39, 40, 9, '2023-05-09', '14:00', '15:40', '289177', '289188', '', '6', '2023-09-12 15:28:45', 'yes'),
(160, 39, 41, 13, '2023-06-09', '07:00', '09:00', '289188', '289202', '', '6', '2023-09-12 15:31:22', 'yes'),
(161, 39, 43, 9, '2023-06-09', '10:30', '11:50', '289202', '289209', '', '6', '2023-09-12 15:33:18', 'yes'),
(162, 39, 40, 9, '2023-06-09', '14:00', '04:00', '289209', '289214', '', '6', '2023-09-12 15:34:54', 'yes'),
(163, 39, 40, 9, '2023-06-09', '15:10', '16:00', '289209', '289214', '', '6', '2023-09-12 15:39:23', 'yes'),
(164, 39, 40, 9, '2023-06-09', '17:00', '17:40', '289214', '289223', '', '6', '2023-09-12 15:40:54', 'yes'),
(165, 39, 40, 9, '2023-06-09', '17:00', '17:40', '289214', '289223', '', '6', '2023-09-12 15:42:29', 'yes'),
(166, 39, 41, 9, '2023-06-09', '17:01', '17:44', '289214', '289223', '', '6', '2023-09-12 15:44:27', 'yes'),
(167, 39, 40, 13, '2023-07-09', '08:00', '09:00', '289223', '289233', '', '6', '2023-09-12 15:47:16', 'yes'),
(168, 39, 43, 9, '2023-07-09', '10:20', '11:40', '289233', '289239', '', '6', '2023-09-12 15:48:41', 'yes'),
(169, 39, 40, 13, '2023-08-09', '08:30', '18:00', '289239', '289345', '', '6', '2023-09-13 16:54:38', 'yes'),
(170, 39, 40, 9, '2023-11-09', '09:00', '09:20', '289345', '289350', '', '6', '2023-09-13 16:56:29', 'yes'),
(171, 39, 43, 9, '2023-11-09', '10:00', '11:30', '289350', '289366', '', '6', '2023-09-13 16:58:09', 'yes'),
(172, 39, 43, 9, '2023-12-09', '10:30', '10:30', '289366', '289371', '', '6', '2023-09-13 17:00:10', 'yes'),
(173, 39, 43, 9, '2023-12-09', '09:20', '09:40', '289371', '289380', '', '6', '2023-09-13 17:09:16', 'yes'),
(174, 39, 40, 9, '2023-12-09', '15:30', '16:40', '289380', '289387', '', '6', '2023-09-13 17:10:28', 'yes'),
(175, 38, 40, 13, '2023-10-09', '09:00', '11:00', '164320', '164327', '', '6', '2023-09-13 17:16:28', 'yes'),
(176, 38, 40, 9, '2023-11-09', '09:40', '10:30', '164327', '164346', '', '6', '2023-09-13 17:30:06', 'yes'),
(177, 38, 40, 9, '2023-12-09', '15:30', '17:07', '164346', '164367', '', '6', '2023-09-13 17:31:30', 'yes'),
(178, 38, 40, 9, '2023-09-13', '10:00', '11:30', '164367', '164379', '', '6', '2023-09-13 17:33:42', 'yes'),
(179, 8, 48, 5, '2023-09-05', '13:00', '17:00', '132492', '132534', '', '3', '2023-09-18 16:32:23', 'yes'),
(180, 8, 48, 5, '2023-09-06', '09:00', '16:00', '132534', '132666', '', '3', '2023-09-18 16:33:41', 'yes'),
(181, 8, 48, 5, '2023-09-07', '09:00', '11:00', '132666', '132694', '', '3', '2023-09-18 16:34:36', 'yes'),
(182, 8, 48, 5, '2023-09-07', '09:00', '11:00', '132666', '132694', '', '3', '2023-09-18 16:35:18', 'yes'),
(183, 8, 1, 6, '2023-09-01', '13:36', '16:40', '143014', '143048', '', '3', '2023-09-18 16:40:43', 'no'),
(184, 8, 11, 1, '2023-09-01', '17:00', '17:50', '143048', '143064', '', '3', '2023-09-18 16:41:52', 'no'),
(185, 8, 1, 1, '2023-09-05', '09:30', '11:32', '143064', '143108', '', '3', '2023-09-18 16:43:56', 'no'),
(186, 8, 1, 1, '2023-09-05', '09:30', '11:32', '143064', '143108', '', '3', '2023-09-18 16:45:06', 'yes'),
(187, 8, 21, 6, '2023-09-05', '15:00', '16:00', '143108', '143125', '', '3', '2023-09-18 16:46:34', 'yes'),
(188, 8, 28, 6, '2023-09-05', '15:00', '16:00', '143108', '143125', '', '3', '2023-09-18 16:47:47', 'yes'),
(189, 39, 41, 9, '2023-09-01', '14:20', '16:00', '289108', '289135', '', '6', '2023-09-18 17:13:21', 'no'),
(190, 39, 40, 9, '2023-09-02', '09:31', '10:47', '289135', '289153', '', '6', '2023-09-18 17:15:40', 'no'),
(191, 39, 43, 9, '2023-09-04', '10:00', '10:37', '289153', '289162', '', '6', '2023-09-18 17:16:53', 'no'),
(192, 39, 41, 9, '2023-09-04', '14:00', '03:20', '289162', '289169', '', '6', '2023-09-18 17:18:59', 'yes'),
(193, 39, 40, 9, '2023-09-05', '09:15', '09:55', '289169', '289177', '', '6', '2023-09-18 17:20:17', 'yes'),
(194, 39, 40, 9, '2023-09-05', '09:15', '09:55', '289169', '289177', '', '6', '2023-09-18 17:21:43', 'yes'),
(195, 39, 40, 9, '2023-09-04', '14:00', '14:30', '289162', '289169', '', '6', '2023-09-18 17:22:56', 'no'),
(196, 39, 40, 9, '2023-09-05', '09:20', '10:00', '289169', '289177', '', '6', '2023-09-18 17:23:43', 'no'),
(197, 39, 40, 9, '2023-09-05', '14:00', '15:45', '289177', '289188', '', '6', '2023-09-18 17:24:34', 'no'),
(198, 39, 40, 13, '2023-09-06', '07:00', '08:40', '289188', '289202', '', '6', '2023-09-18 17:25:47', 'no'),
(199, 39, 43, 9, '2023-09-06', '10:00', '11:20', '289202', '289209', '', '6', '2023-09-18 17:27:03', 'no'),
(200, 39, 40, 9, '2023-09-06', '11:30', '00:00', '289209', '289214', '', '6', '2023-09-18 17:28:03', 'yes'),
(201, 39, 41, 9, '2023-09-06', '02:00', '04:00', '289214', '289223', '', '6', '2023-09-18 17:28:41', 'yes'),
(202, 39, 40, 13, '2023-09-07', '08:00', '09:40', '289223', '289233', '', '6', '2023-09-18 17:29:34', 'yes'),
(203, 39, 43, 9, '2023-09-07', '10:00', '11:00', '289233', '289239', '', '6', '2023-09-18 17:30:23', 'yes'),
(204, 39, 40, 9, '2023-09-06', '11:29', '00:00', '289209', '289214', '', '6', '2023-09-18 17:34:17', 'no'),
(205, 39, 41, 9, '2023-09-06', '14:00', '15:50', '289214', '289223', '', '6', '2023-09-18 17:35:32', 'yes'),
(206, 39, 40, 9, '2023-09-07', '08:00', '09:00', '289223', '289233', '', '6', '2023-09-18 17:37:41', 'no'),
(207, 39, 40, 9, '2023-09-07', '00:00', '00:00', '289223', '289233', '', '6', '2023-09-18 17:39:22', 'yes'),
(208, 39, 43, 9, '2023-09-07', '10:00', '11:00', '289233', '289239', '', '6', '2023-09-18 17:41:05', 'no'),
(209, 39, 40, 13, '2023-09-08', '08:00', '15:00', '289239', '289345', 'ທ່ານCoo.ໃຊ້ໄປວຽກ', '6', '2023-09-18 17:43:12', 'no'),
(210, 39, 40, 9, '2023-09-11', '09:00', '09:20', '289345', '289350', '', '6', '2023-09-18 17:46:48', 'no'),
(211, 39, 43, 9, '2023-09-11', '10:00', '11:30', '289350', '289366', '', '6', '2023-09-18 17:47:37', 'no'),
(212, 39, 43, 9, '2023-09-12', '10:00', '10:30', '289366', '289371', '', '6', '2023-09-18 17:48:38', 'no'),
(213, 39, 43, 9, '2023-09-13', '09:19', '09:40', '289371', '289380', '', '6', '2023-09-19 10:22:26', 'no'),
(214, 39, 40, 9, '2023-09-13', '15:29', '16:40', '289380', '289387', '', '6', '2023-09-19 10:23:28', 'no'),
(215, 39, 43, 9, '2023-09-14', '13:50', '14:10', '289387', '289394', '', '6', '2023-09-19 10:27:27', 'no'),
(216, 39, 40, 9, '2023-09-14', '14:40', '15:10', '289394', '289409', '', '6', '2023-09-19 10:28:38', 'no'),
(217, 39, 43, 9, '2023-09-15', '10:20', '23:30', '289409', '289419', '', '6', '2023-09-19 10:29:54', 'no'),
(218, 39, 43, 9, '2023-09-18', '09:50', '10:00', '289419', '289426', '', '6', '2023-09-19 10:48:21', 'no'),
(219, 39, 40, 9, '2023-09-18', '14:00', '16:50', '289426', '289440', '', '6', '2023-09-19 10:49:52', 'no'),
(220, 38, 40, 9, '2023-09-13', '10:00', '11:15', '164367', '164379', '', '6', '2023-09-25 16:00:38', 'yes'),
(221, 38, 41, 13, '2023-09-10', '09:00', '10:30', '164230', '164327', '', '6', '2023-09-25 16:02:37', 'no'),
(222, 38, 40, 9, '2023-09-11', '10:00', '11:28', '164327', '164346', '', '6', '2023-09-25 16:03:25', 'no'),
(223, 38, 40, 9, '2023-09-12', '15:30', '17:00', '164346', '164367', '', '6', '2023-09-25 16:04:11', 'no'),
(224, 38, 40, 9, '2023-09-13', '10:00', '11:17', '164367', '164379', '', '6', '2023-09-25 16:05:03', 'no'),
(225, 38, 40, 9, '2023-09-21', '14:00', '16:35', '164379', '164391', '', '6', '2023-09-25 16:05:50', 'no'),
(226, 39, 43, 9, '2023-12-09', '09:00', '10:51', '289440', '289447', '', '6', '2023-09-25 16:08:27', 'yes'),
(227, 39, 43, 9, '2023-12-09', '09:00', '10:51', '289440', '289447', '', '6', '2023-09-25 16:10:03', 'yes'),
(228, 39, 43, 9, '2023-12-09', '09:00', '10:51', '289440', '289447', '', '6', '2023-09-25 16:11:32', 'yes'),
(229, 39, 43, 9, '2023-09-19', '09:51', '10:50', '289440', '289447', '', '6', '2023-09-25 16:13:23', 'no'),
(230, 39, 44, 9, '2023-09-19', '13:50', '17:00', '289447', '289476', '', '6', '2023-09-25 16:14:53', 'no'),
(231, 39, 40, 9, '2023-09-20', '14:00', '14:30', '289476', '289481', '', '6', '2023-09-25 16:16:02', 'no'),
(232, 39, 43, 9, '2023-09-21', '09:50', '10:30', '289481', '289491', '', '6', '2023-09-25 16:17:08', 'no'),
(233, 39, 40, 9, '2023-09-21', '15:30', '16:30', '289491', '289510', '', '6', '2023-09-25 16:18:48', 'no'),
(234, 39, 43, 9, '2023-09-22', '09:30', '11:40', '289510', '289529', '', '6', '2023-09-25 16:20:43', 'no'),
(235, 39, 40, 9, '2023-09-23', '09:00', '09:20', '289529', '289533', '', '6', '2023-09-25 16:21:40', 'no'),
(236, 39, 43, 9, '2023-09-25', '09:01', '09:20', '289533', '289537', '', '6', '2023-09-25 16:23:00', 'no'),
(237, 39, 43, 9, '2023-09-25', '09:30', '10:00', '289537', '289543', '', '6', '2023-09-25 16:23:53', 'no'),
(238, 39, 44, 9, '2023-09-25', '13:40', '14:30', '289543', '289557', '', '6', '2023-09-25 16:24:58', 'no'),
(239, 8, 21, 6, '2023-09-06', '15:00', '16:00', '143108', '143125', '', '2', '2023-09-26 11:24:57', 'yes'),
(240, 8, 1, 7, '2023-09-06', '13:05', '17:05', '143125', '143198', '', '2', '2023-09-26 11:24:57', 'no'),
(241, 8, 21, 6, '2023-09-05', '15:00', '17:00', '143108', '143125', '', '2', '2023-09-26 11:30:14', 'no'),
(242, 8, 48, 11, '2023-09-08', '09:30', '11:30', '143198', '143267', 'ມີນາ', '2', '2023-09-26 14:56:29', 'no'),
(243, 8, 48, 11, '2023-09-11', '09:30', '11:30', '143267', '143301', 'ມີນາ', '2', '2023-09-26 14:58:07', 'no'),
(244, 8, 31, 8, '2023-09-11', '14:30', '16:10', '143301', '143314', '', '2', '2023-09-26 15:00:08', 'no'),
(245, 8, 1, 1, '2023-09-12', '13:30', '16:00', '143314', '143336', '', '2', '2023-09-26 15:00:56', 'no'),
(246, 8, 1, 6, '2023-09-13', '11:30', '12:05', '143336', '143350', '', '2', '2023-09-26 15:02:13', 'no'),
(247, 8, 3, 11, '2023-09-13', '13:30', '15:35', '143350', '143384', 'ນາງ ເພັດໄພລິນ', '2', '2023-09-26 15:03:06', 'no'),
(248, 39, 43, 9, '2023-09-26', '09:40', '11:00', '289557', '289576', '', '6', '2023-09-26 16:02:09', 'no'),
(249, 39, 40, 9, '2023-09-26', '13:30', '14:00', '289576', '289590', '', '6', '2023-09-26 16:03:27', 'no'),
(250, 39, 40, 9, '2023-09-26', '15:00', '16:00', '289590', '289601', '', '6', '2023-09-26 16:04:32', 'no'),
(251, 8, 1, 6, '2023-09-01', '13:30', '16:40', '143014', '143048', '', '2', '2023-09-27 11:05:22', 'no'),
(252, 8, 11, 1, '2023-09-01', '16:50', '17:30', '143048', '143064', '', '2', '2023-09-27 11:05:22', 'no'),
(253, 8, 1, 1, '2023-09-05', '09:00', '11:00', '143064', '143108', '', '2', '2023-09-27 11:05:22', 'no'),
(254, 8, 21, 6, '2023-09-05', '15:00', '17:00', '143108', '143125', '', '2', '2023-09-27 11:05:22', 'no'),
(255, 8, 1, 7, '2023-09-06', '13:30', '17:00', '143125', '143198', '', '2', '2023-09-27 11:05:22', 'no'),
(256, 8, 48, 11, '2023-09-08', '09:30', '12:00', '143198', '143267', 'ນາງ ມີນາ', '2', '2023-09-27 11:05:22', 'no'),
(257, 8, 48, 5, '2023-09-11', '09:30', '12:00', '143267', '143301', '', '2', '2023-09-27 11:05:22', 'no'),
(258, 8, 32, 8, '2023-09-11', '14:30', '16:10', '143301', '143314', '', '2', '2023-09-27 11:05:22', 'no'),
(259, 8, 1, 7, '2023-09-12', '13:30', '16:00', '143314', '143336', '', '2', '2023-09-27 11:05:22', 'no'),
(260, 8, 1, 1, '2023-09-13', '11:30', '12:05', '143336', '143350', '', '2', '2023-09-27 11:05:22', 'no'),
(261, 8, 3, 11, '2023-09-13', '13:50', '15:35', '143350', '143384', 'ນາງ ເພັດໄພລິນ', '2', '2023-09-27 11:05:22', 'no'),
(262, 8, 30, 2, '2023-09-14', '10:30', '11:30', '143384', '143397', '', '2', '2023-09-27 11:05:22', 'no'),
(263, 8, 1, 1, '2023-09-14', '13:30', '16:00', '143397', '143427', '', '2', '2023-09-27 11:05:22', 'no'),
(264, 8, 1, 6, '2023-09-15', '09:30', '12:00', '143427', '143465', '', '2', '2023-09-27 11:05:22', 'no'),
(265, 8, 11, 6, '2023-09-15', '13:30', '15:15', '143465', '143501', '', '2', '2023-09-27 11:05:22', 'no'),
(266, 8, 12, 6, '2023-09-15', '16:00', '04:40', '143501', '143514', '', '2', '2023-09-27 11:05:22', 'no'),
(267, 8, 1, 8, '2023-09-18', '13:22', '16:10', '143514', '143577', '', '2', '2023-09-27 11:05:22', 'no'),
(268, 8, 31, 1, '2023-09-19', '13:00', '14:16', '143577', '143587', '', '2', '2023-09-27 11:05:22', 'no'),
(269, 8, 3, 6, '2023-09-20', '09:30', '11:00', '143587', '143617', '', '2', '2023-09-27 11:05:22', 'no'),
(270, 8, 1, 11, '2023-09-20', '14:00', '16:30', '143617', '143656', 'ນາງ ສຸກນະພາ', '2', '2023-09-27 11:05:22', 'no'),
(271, 8, 3, 7, '2023-09-21', '14:00', '16:43', '143656', '143690', '', '2', '2023-09-27 11:05:22', 'no'),
(272, 8, 11, 8, '2023-09-22', '10:32', '11:30', '143690', '143706', '', '2', '2023-09-27 11:05:22', 'no'),
(273, 8, 11, 8, '2023-09-22', '13:30', '15:30', '143706', '143718', '', '2', '2023-09-27 11:05:22', 'no'),
(274, 8, 3, 11, '2023-09-25', '10:10', '11:34', '143718', '143742', 'ນາງ ເພັດໄພລິນ', '2', '2023-09-27 11:05:22', 'no'),
(275, 8, 3, 2, '2023-09-25', '13:30', '15:00', '143742', '163775', '', '2', '2023-09-27 11:05:22', 'no'),
(276, 8, 30, 1, '2023-09-26', '13:30', '16:00', '143775', '143796', '', '2', '2023-09-27 11:05:22', 'no'),
(277, 39, 43, 9, '2023-09-01', '09:20', '10:30', '289100', '289108', '', '6', '2023-09-27 16:34:19', 'yes'),
(278, 39, 41, 9, '2023-09-01', '14:30', '15:00', '289108', '289135', '', '6', '2023-09-27 16:35:13', 'yes'),
(279, 39, 40, 9, '2023-09-02', '10:00', '11:00', '289135', '289153', '', '6', '2023-09-27 16:36:00', 'yes'),
(280, 39, 43, 9, '2023-09-04', '09:30', '10:00', '289153', '289162', '', '6', '2023-09-27 16:36:53', 'yes'),
(281, 39, 40, 9, '2023-09-04', '14:00', '15:00', '289162', '289169', '', '6', '2023-09-27 16:38:31', 'yes'),
(282, 39, 40, 9, '2023-09-05', '09:00', '09:31', '289169', '289177', '', '6', '2023-09-27 16:39:37', 'yes'),
(283, 39, 40, 9, '2023-09-05', '09:55', '11:00', '289177', '289188', '', '6', '2023-09-27 16:40:31', 'yes'),
(284, 39, 40, 13, '2023-09-09', '07:00', '08:00', '289188', '289202', 'ພະນັກງານITວຽງຈັນໃຊ້ໄປຊື້ອາຫານ', '6', '2023-09-27 16:42:06', 'yes'),
(285, 39, 43, 9, '2023-09-06', '09:33', '10:00', '289202', '289209', '', '6', '2023-09-27 16:42:51', 'yes'),
(286, 39, 40, 9, '2023-09-06', '14:00', '15:29', '289209', '289214', '', '6', '2023-09-27 16:44:01', 'yes'),
(287, 39, 43, 9, '2023-09-01', '09:00', '10:00', '289100', '289108', '', '6', '2023-09-28 16:02:33', 'yes'),
(288, 39, 43, 9, '2023-09-27', '10:30', '11:30', '289601', '289613', '', '6', '2023-09-28 16:06:09', 'no'),
(289, 39, 40, 9, '2023-09-27', '15:00', '16:00', '289613', '289632', '', '6', '2023-09-28 16:08:22', 'no'),
(290, 39, 40, 9, '2023-09-28', '08:20', '08:30', '289632', '289640', '', '6', '2023-09-28 16:09:31', 'no'),
(291, 39, 40, 9, '2023-09-28', '10:30', '11:30', '289640', '289665', '', '6', '2023-09-28 16:10:17', 'no'),
(292, 39, 40, 9, '2023-09-28', '15:20', '16:00', '289665', '289682', '', '6', '2023-09-30 17:07:56', 'no'),
(293, 39, 40, 9, '2023-09-29', '03:00', '16:00', '289682', '289686', '', '6', '2023-09-30 17:08:51', 'no'),
(294, 39, 40, 9, '2023-09-30', '11:00', '00:00', '289686', '289711', '', '6', '2023-09-30 17:09:52', 'no'),
(295, 50, 11, 8, '2023-09-01', '09:01', '10:05', '67721', '67735', '', '2', '2023-10-02 10:35:38', 'no'),
(296, 50, 33, 8, '2023-09-01', '10:10', '11:10', '67735', '67746', '', '2', '2023-10-02 10:35:38', 'no'),
(297, 50, 1, 11, '2023-09-01', '15:15', '15:49', '67746', '67760', 'ທ້າວ ສົມລັດ', '2', '2023-10-02 10:35:38', 'no'),
(298, 50, 1, 6, '2023-09-04', '09:30', '11:35', '67760', '67787', '', '2', '2023-10-02 10:35:38', 'no'),
(299, 50, 12, 1, '2023-09-04', '14:00', '14:50', '67787', '67801', '', '2', '2023-10-02 10:35:38', 'no'),
(300, 50, 3, 8, '2023-09-05', '13:00', '14:02', '67801', '67821', '', '2', '2023-10-02 10:35:38', 'no'),
(301, 50, 10, 11, '2023-09-06', '09:30', '11:30', '67821', '67855', 'ທ້າວ ຈິນດາວົງ', '2', '2023-10-02 10:35:38', 'no'),
(302, 50, 2, 1, '2023-09-07', '09:30', '12:00', '67855', '67902', '', '2', '2023-10-02 10:35:38', 'no'),
(303, 50, 1, 6, '2023-09-07', '16:00', '16:30', '67902', '67914', '', '2', '2023-10-02 10:35:38', 'no'),
(304, 50, 3, 8, '2023-09-08', '09:30', '10:05', '67914', '67934', '', '2', '2023-10-02 10:35:38', 'no'),
(305, 50, 12, 11, '2023-09-08', '13:30', '15:00', '67934', '67948', 'ທ້າວ ສົມລັດ', '2', '2023-10-02 10:35:38', 'no'),
(306, 50, 19, 11, '2023-09-10', '13:30', '16:00', '67948', '67973', 'ທ້າວ ບຸນລາມ', '2', '2023-10-02 10:35:38', 'no'),
(307, 50, 19, 11, '2023-09-11', '10:00', '11:00', '67943', '67981', 'ທ້າວ ບຸນລາມ', '2', '2023-10-02 10:35:38', 'no'),
(308, 50, 10, 8, '2023-09-12', '09:30', '11:00', '67981', '67986', '', '2', '2023-10-02 10:35:38', 'no'),
(309, 50, 11, 8, '2023-09-12', '14:00', '15:00', '67986', '68003', '', '2', '2023-10-02 10:35:38', 'no'),
(310, 50, 10, 11, '2023-09-13', '09:30', '11:30', '68003', '68016', 'ທ້າວ ຈິນດາວົງ', '2', '2023-10-02 10:35:38', 'no'),
(311, 50, 1, 1, '2023-09-13', '14:00', '16:30', '68016', '68034', '', '2', '2023-10-02 10:35:38', 'no'),
(312, 50, 10, 8, '2023-09-15', '09:30', '11:30', '68034', '68049', '', '2', '2023-10-02 10:35:38', 'no'),
(313, 50, 3, 11, '2023-09-15', '14:30', '15:30', '68049', '68070', 'ນາງ ເພັດໄພລິນ', '2', '2023-10-02 10:35:38', 'no'),
(314, 50, 12, 11, '2023-09-19', '14:30', '15:30', '68070', '68084', 'ທ້າວ ສົມລັດ', '2', '2023-10-02 10:35:38', 'no'),
(315, 50, 10, 8, '2023-09-20', '13:30', '15:00', '68084', '68101', '', '2', '2023-10-02 10:35:38', 'no'),
(316, 50, 10, 8, '2023-09-21', '09:30', '11:30', '68101', '68115', '', '2', '2023-10-02 10:35:38', 'no'),
(317, 50, 3, 11, '2023-09-22', '10:30', '11:50', '68115', '68123', 'ນາງ ສຸກນະພາ', '2', '2023-10-02 10:35:38', 'no'),
(318, 50, 10, 11, '2023-09-22', '13:00', '17:05', '68123', '68138', 'ທ້າວ ຈິນດາວົງ', '2', '2023-10-02 10:35:38', 'no'),
(319, 50, 1, 1, '2023-09-25', '10:00', '11:30', '68138', '68164', '', '2', '2023-10-02 10:35:38', 'no'),
(320, 50, 11, 6, '2023-09-26', '13:30', '15:30', '68164', '68181', '', '2', '2023-10-02 10:35:38', 'no'),
(321, 9, 1, 1, '2023-09-01', '13:30', '15:00', '152959', '152978', '', '2', '2023-10-02 20:36:03', 'no'),
(322, 9, 33, 1, '2023-09-04', '09:30', '11:00', '152978', '153010', '', '2', '2023-10-02 20:36:03', 'no'),
(323, 9, 17, 6, '2023-09-04', '13:00', '14:30', '153010', '153028', '', '2', '2023-10-02 20:36:03', 'no'),
(324, 9, 17, 6, '2023-09-05', '09:00', '10:30', '153028', '153041', '', '2', '2023-10-02 20:36:03', 'no'),
(325, 9, 1, 8, '2023-09-05', '13:30', '16:00', '153041', '153053', '', '2', '2023-10-02 20:36:03', 'no'),
(326, 9, 11, 8, '2023-09-06', '09:30', '10:30', '153053', '153083', '', '2', '2023-10-02 20:36:03', 'no'),
(327, 9, 12, 1, '2023-09-06', '13:30', '14:20', '153083', '153122', '', '2', '2023-10-02 20:36:03', 'no'),
(328, 9, 1, 7, '2023-09-07', '10:00', '11:30', '153122', '153134', '', '2', '2023-10-02 20:36:03', 'no'),
(329, 9, 10, 8, '2023-09-07', '13:30', '16:00', '153134', '153161', '', '2', '2023-10-02 20:36:03', 'no'),
(330, 9, 19, 6, '2023-09-08', '09:00', '11:00', '153161', '153174', '', '2', '2023-10-02 20:36:03', 'no'),
(331, 9, 19, 8, '2023-09-08', '13:30', '15:00', '153174', '153200', '', '2', '2023-10-02 20:36:03', 'no'),
(332, 9, 19, 8, '2023-09-11', '10:30', '12:00', '153200', '153226', '', '2', '2023-10-02 20:36:03', 'no'),
(333, 9, 12, 1, '2023-09-11', '13:00', '14:00', '153226', '153246', '', '2', '2023-10-02 20:36:03', 'no'),
(334, 9, 17, 6, '2023-09-11', '14:30', '16:30', '153246', '153258', '', '2', '2023-10-02 20:36:03', 'no'),
(335, 9, 21, 1, '2023-09-12', '09:00', '11:00', '153258', '153270', '', '2', '2023-10-02 20:36:03', 'no'),
(336, 9, 1, 6, '2023-09-12', '13:00', '14:00', '153270', '153327', '', '2', '2023-10-02 20:36:03', 'no'),
(337, 9, 3, 5, '2023-09-12', '16:00', '17:00', '153327', '153360', '', '2', '2023-10-02 20:36:03', 'no'),
(338, 9, 3, 8, '2023-09-14', '09:30', '11:00', '153360', '153400', '', '2', '2023-10-02 20:36:03', 'no'),
(339, 9, 1, 1, '2023-09-15', '10:00', '23:30', '153400', '153422', '', '2', '2023-10-02 20:36:03', 'no'),
(340, 9, 3, 7, '2023-09-15', '13:30', '15:00', '153422', '153474', '', '2', '2023-10-02 20:36:03', 'no'),
(341, 9, 1, 6, '2023-09-18', '09:30', '10:30', '153474', '153499', '', '2', '2023-10-02 20:36:03', 'no'),
(342, 9, 1, 1, '2023-09-18', '13:30', '16:00', '153499', '153524', '', '2', '2023-10-02 20:36:03', 'no'),
(343, 9, 25, 1, '2023-09-19', '10:00', '11:30', '153524', '153543', '', '2', '2023-10-02 20:36:03', 'no'),
(344, 9, 1, 6, '2023-09-20', '09:30', '10:30', '153543', '153573', '', '2', '2023-10-02 20:36:03', 'no'),
(345, 9, 25, 1, '2023-09-20', '11:00', '11:40', '153573', '153594', '', '2', '2023-10-02 20:36:03', 'no'),
(346, 9, 1, 1, '2023-09-20', '13:30', '16:00', '153594', '153614', '', '2', '2023-10-02 20:36:03', 'no'),
(347, 9, 3, 2, '2023-09-20', '16:30', '17:30', '153614', '153647', '', '2', '2023-10-02 20:36:03', 'no'),
(348, 9, 17, 1, '2023-09-22', '09:30', '11:00', '153647', '153684', '', '2', '2023-10-02 20:36:03', 'no'),
(349, 9, 4, 11, '2023-09-22', '13:30', '16:00', '153684', '153700', 'ທ້າວ ພອນປະເສີດ', '2', '2023-10-02 20:36:03', 'no'),
(350, 9, 3, 2, '2023-09-25', '13:30', '04:30', '153700', '153712', '', '2', '2023-10-02 20:36:03', 'no'),
(351, 9, 1, 1, '2023-09-26', '09:30', '11:00', '153712', '153722', '', '2', '2023-10-02 20:36:03', 'no'),
(352, 9, 33, 1, '2023-09-26', '13:30', '14:30', '153722', '153746', '', '2', '2023-10-02 20:36:03', 'no'),
(353, 9, 19, 8, '2023-09-26', '14:40', '16:30', '153746', '153759', '', '2', '2023-10-02 20:36:03', 'no'),
(354, 9, 17, 14, '2023-09-27', '10:00', '11:30', '153759', '153772', '', '2', '2023-10-02 20:36:03', 'no'),
(355, 9, 1, 1, '2023-09-27', '13:30', '15:30', '153772', '153798', '', '2', '2023-10-02 20:36:03', 'no'),
(356, 9, 1, 1, '2023-09-28', '00:00', '00:00', '153798', '155811', '', '2', '2023-10-02 20:36:03', 'yes'),
(357, 9, 11, 2, '2023-09-29', '09:30', '11:00', '153864', '153871', '', '2', '2023-10-02 20:36:03', 'no'),
(358, 9, 25, 1, '2023-09-29', '13:30', '15:00', '153871', '153899', '', '2', '2023-10-02 20:36:03', 'no'),
(359, 9, 1, 8, '2023-09-29', '15:10', '17:00', '153899', '153910', '', '2', '2023-10-02 20:36:03', 'no'),
(360, 9, 3, 7, '2023-09-30', '09:00', '17:00', '153910', '154020', '', '2', '2023-10-02 20:36:03', 'no'),
(361, 9, 10, 14, '2023-10-02', '09:30', '11:00', '154020', '154038', '', '2', '2023-10-02 20:36:03', 'no'),
(362, 9, 17, 14, '2023-10-02', '13:30', '03:00', '154038', '154051', '', '2', '2023-10-02 20:36:03', 'no'),
(363, 9, 3, 1, '2023-09-28', '10:00', '11:00', '153798', '153811', '', '2', '2023-10-02 20:38:28', 'no'),
(364, 9, 1, 1, '2023-09-28', '13:30', '16:30', '153811', '153864', '', '2', '2023-10-02 20:38:28', 'no'),
(365, 9, 17, 6, '2023-10-03', '09:40', '11:10', '154051', '154064', '', '2', '2023-10-03 11:51:04', 'no'),
(366, 8, 1, 7, '2023-09-27', '09:00', '10:23', '143796', '143815', '', '2', '2023-10-04 10:08:49', 'no'),
(367, 8, 7, 1, '2023-09-27', '15:00', '18:00', '143815', '143868', '', '2', '2023-10-04 10:08:49', 'no'),
(368, 8, 33, 6, '2023-09-28', '13:30', '15:10', '143868', '143896', '', '2', '2023-10-04 10:08:49', 'no'),
(369, 8, 3, 6, '2023-09-28', '16:00', '16:28', '143896', '143902', '', '2', '2023-10-04 10:08:49', 'no'),
(370, 8, 11, 8, '2023-09-29', '13:20', '06:15', '143902', '143917', '', '2', '2023-10-04 10:08:49', 'no'),
(371, 8, 1, 6, '2023-10-02', '09:30', '12:00', '143917', '143944', '', '2', '2023-10-04 10:08:49', 'no'),
(372, 8, 3, 6, '2023-10-02', '13:30', '17:15', '143944', '143956', '', '2', '2023-10-04 10:08:49', 'no'),
(373, 10, 33, 6, '2023-09-01', '09:10', '10:30', '153298', '153313', '', '2', '2023-10-04 14:33:43', 'no'),
(374, 10, 3, 8, '2023-09-01', '13:30', '19:20', '153313', '153421', '', '2', '2023-10-04 14:33:43', 'no'),
(375, 10, 12, 8, '2023-09-04', '13:34', '15:15', '153421', '153437', '', '2', '2023-10-04 14:33:43', 'no'),
(376, 10, 33, 1, '2023-09-04', '15:30', '17:00', '153437', '153444', '', '2', '2023-10-04 14:33:43', 'no'),
(377, 10, 11, 8, '2023-09-05', '10:35', '11:01', '153444', '153468', '', '2', '2023-10-04 14:33:43', 'no'),
(378, 10, 3, 2, '2023-09-10', '08:00', '19:00', '153468', '154614', 'ເດີນທາງໄປສະຫວັນນະເຂດ06-10,09,2023', '2', '2023-10-04 14:33:43', 'no'),
(379, 10, 1, 1, '2023-09-11', '13:30', '16:00', '154614', '154624', '', '2', '2023-10-04 14:33:43', 'no'),
(380, 10, 21, 1, '2023-09-12', '13:30', '14:30', '154624', '154642', '', '2', '2023-10-04 14:33:43', 'no'),
(381, 10, 12, 7, '2023-09-12', '15:00', '16:00', '154642', '154654', '', '2', '2023-10-04 14:33:43', 'no'),
(382, 10, 11, 1, '2023-09-13', '09:00', '11:00', '154654', '154697', '', '2', '2023-10-04 14:33:43', 'no'),
(383, 10, 19, 8, '2023-09-13', '14:25', '16:05', '154697', '154717', '', '2', '2023-10-04 14:33:43', 'no'),
(384, 10, 1, 8, '2023-09-14', '10:30', '11:54', '154717', '154730', '', '2', '2023-10-04 14:33:43', 'no'),
(385, 10, 17, 6, '2023-09-14', '13:30', '14:30', '154730', '154735', '', '2', '2023-10-04 14:33:43', 'no'),
(386, 10, 32, 1, '2023-09-15', '08:30', '11:00', '154735', '154773', '', '2', '2023-10-04 14:33:43', 'no'),
(387, 10, 17, 1, '2023-09-18', '10:30', '11:30', '154773', '154784', '', '2', '2023-10-04 14:33:43', 'no'),
(388, 10, 11, 8, '2023-09-19', '09:02', '11:02', '154784', '154822', '', '2', '2023-10-04 14:33:43', 'no'),
(389, 10, 1, 8, '2023-09-19', '13:40', '15:30', '154822', '154850', '', '2', '2023-10-04 14:33:43', 'no'),
(390, 10, 11, 1, '2023-09-20', '09:00', '11:30', '154850', '154862', '', '2', '2023-10-04 14:33:43', 'no'),
(391, 10, 33, 6, '2023-09-20', '13:30', '16:15', '154862', '154893', '', '2', '2023-10-04 14:33:43', 'no'),
(392, 10, 3, 6, '2023-09-20', '16:30', '17:27', '154893', '154906', '', '2', '2023-10-04 14:33:43', 'no'),
(393, 10, 4, 11, '2023-09-21', '09:30', '11:45', '154906', '154915', 'ທ້າວ ພອນປະເສີດ', '2', '2023-10-04 14:33:43', 'no'),
(394, 10, 4, 11, '2023-09-21', '13:30', '17:00', '154915', '154943', 'ທ້າວ ລັດດາພອນ', '2', '2023-10-04 14:33:43', 'no'),
(395, 10, 1, 6, '2023-09-22', '09:30', '12:10', '154943', '154994', '', '2', '2023-10-04 14:33:43', 'no'),
(396, 10, 33, 6, '2023-09-22', '13:30', '17:10', '154994', '155031', '', '2', '2023-10-04 14:33:43', 'no'),
(397, 10, 7, 11, '2023-09-25', '09:45', '11:28', '155031', '155045', 'ນາງ ມະນີວອນ', '2', '2023-10-04 14:33:43', 'no'),
(398, 10, 3, 7, '2023-09-25', '17:00', '18:45', '155045', '155066', '', '2', '2023-10-04 14:33:43', 'no'),
(399, 10, 3, 8, '2023-09-26', '10:12', '11:13', '155066', '155080', '', '2', '2023-10-04 14:33:43', 'no'),
(400, 10, 1, 14, '2023-09-26', '13:15', '17:30', '155080', '155121', '', '2', '2023-10-04 14:33:43', 'no'),
(401, 10, 11, 14, '2023-09-27', '09:07', '09:49', '155121', '155125', '', '2', '2023-10-04 14:33:43', 'no'),
(402, 10, 1, 6, '2023-09-27', '13:40', '17:20', '155125', '155152', '', '2', '2023-10-04 14:33:43', 'no'),
(403, 10, 1, 8, '2023-09-28', '10:01', '12:15', '155152', '155169', '', '2', '2023-10-04 14:33:43', 'no'),
(404, 10, 25, 8, '2023-09-28', '13:30', '16:25', '155169', '155206', '', '2', '2023-10-04 14:33:43', 'no'),
(405, 10, 3, 6, '2023-09-29', '10:00', '11:50', '155206', '155227', '', '2', '2023-10-04 14:33:43', 'no'),
(406, 10, 1, 14, '2023-09-29', '13:30', '14:35', '155227', '155257', '', '2', '2023-10-04 14:33:43', 'no'),
(407, 10, 7, 14, '2023-09-29', '15:40', '17:30', '155257', '155274', '', '2', '2023-10-04 14:33:43', 'no'),
(408, 10, 25, 1, '2023-10-02', '13:30', '15:08', '155274', '155301', '', '2', '2023-10-04 14:33:43', 'no'),
(409, 10, 1, 2, '2023-10-03', '10:00', '00:00', '155301', '155317', '', '2', '2023-10-04 14:33:43', 'no'),
(410, 10, 1, 6, '2023-10-03', '13:30', '18:00', '155317', '155340', '', '2', '2023-10-04 14:33:43', 'no'),
(411, 10, 4, 11, '2023-10-04', '09:30', '11:36', '155340', '155369', 'ທ້າວ ພອນປະເສີດ', '2', '2023-10-04 14:33:43', 'no'),
(412, 14, 31, 1, '2023-09-01', '13:00', '15:00', '154328', '154378', '', '2', '2023-10-04 15:40:14', 'no'),
(413, 14, 33, 1, '2023-09-05', '09:00', '10:00', '154378', '154382', '', '2', '2023-10-04 15:40:14', 'no'),
(414, 14, 33, 6, '2023-09-06', '13:30', '16:20', '154385', '154389', '', '2', '2023-10-04 15:40:14', 'no'),
(415, 14, 33, 8, '2023-09-07', '10:00', '11:55', '154389', '154404', '', '2', '2023-10-04 15:40:14', 'no'),
(416, 14, 3, 8, '2023-09-07', '13:30', '16:46', '154404', '154430', '', '2', '2023-10-04 15:40:14', 'no'),
(417, 14, 17, 6, '2023-09-08', '10:00', '11:35', '154430', '154442', '', '2', '2023-10-04 15:40:14', 'no'),
(418, 14, 1, 1, '2023-09-08', '14:00', '17:00', '154442', '154500', '', '2', '2023-10-04 15:40:14', 'no'),
(419, 14, 33, 6, '2023-09-11', '11:00', '00:00', '154500', '154507', '', '2', '2023-10-04 15:40:14', 'no'),
(420, 14, 21, 6, '2023-09-11', '13:00', '14:11', '154507', '154515', '', '2', '2023-10-04 15:40:14', 'no'),
(421, 14, 3, 1, '2023-09-12', '11:00', '12:00', '154515', '154540', '', '2', '2023-10-04 15:40:14', 'no'),
(422, 14, 3, 6, '2023-09-12', '13:30', '14:30', '154540', '154545', '', '2', '2023-10-04 15:40:14', 'no'),
(423, 14, 3, 7, '2023-09-13', '10:00', '12:00', '154545', '154557', '', '2', '2023-10-04 15:40:14', 'no'),
(424, 14, 3, 2, '2023-09-14', '09:30', '11:30', '154557', '154594', '', '2', '2023-10-04 15:40:14', 'no'),
(425, 14, 3, 2, '2023-09-15', '10:00', '11:00', '154594', '154612', '', '2', '2023-10-04 15:40:14', 'no'),
(426, 14, 48, 1, '2023-09-15', '13:30', '16:30', '154612', '154667', '', '2', '2023-10-04 15:40:14', 'no'),
(427, 14, 3, 6, '2023-09-18', '09:45', '10:50', '154667', '154682', '', '2', '2023-10-04 15:40:14', 'no'),
(428, 14, 19, 1, '2023-09-18', '13:30', '15:00', '154682', '154708', '', '2', '2023-10-04 15:40:14', 'no'),
(429, 14, 3, 2, '2023-09-20', '10:30', '11:30', '154708', '154728', '', '2', '2023-10-04 15:40:14', 'no'),
(430, 14, 10, 1, '2023-09-21', '09:30', '11:30', '154728', '154745', '', '2', '2023-10-04 15:40:14', 'no'),
(431, 14, 3, 1, '2023-09-21', '14:00', '15:00', '154745', '154772', '', '2', '2023-10-04 15:40:14', 'no'),
(432, 14, 1, 1, '2023-09-21', '15:10', '17:20', '154772', '154801', '', '2', '2023-10-04 15:40:14', 'no'),
(433, 14, 19, 1, '2023-09-22', '10:00', '11:00', '154801', '154892', '', '2', '2023-10-04 15:40:14', 'no'),
(434, 14, 4, 11, '2023-09-23', '08:30', '16:30', '154892', '154926', 'ທ້າວ ພອນປະເສີດ', '2', '2023-10-04 15:40:14', 'no'),
(435, 14, 4, 11, '2023-09-24', '08:30', '16:30', '154926', '154977', 'ທ້າວ ພອນປະເສີດ', '2', '2023-10-04 15:40:14', 'no'),
(436, 14, 4, 11, '2023-09-25', '10:00', '11:30', '154977', '154985', 'ທ້າວ ພອນປະເສີດ', '2', '2023-10-04 15:40:14', 'no'),
(437, 14, 4, 11, '2023-09-26', '14:00', '15:30', '154985', '155025', 'ທ້າວ ລັດດາພອນ', '2', '2023-10-04 15:40:14', 'no'),
(438, 14, 15, 2, '2023-09-27', '14:00', '16:00', '155025', '155033', '', '2', '2023-10-04 15:40:14', 'no'),
(439, 14, 3, 14, '2023-09-28', '09:30', '10:45', '155033', '155055', '', '2', '2023-10-04 15:40:14', 'no'),
(440, 14, 1, 14, '2023-09-28', '14:00', '16:47', '155055', '155098', '', '2', '2023-10-04 15:40:14', 'no'),
(441, 14, 3, 7, '2023-10-02', '10:00', '11:30', '155098', '155115', '', '2', '2023-10-04 15:40:14', 'no'),
(442, 14, 19, 14, '2023-10-02', '09:30', '13:00', '155115', '155127', '', '2', '2023-10-04 15:40:14', 'no'),
(443, 14, 33, 14, '2023-10-03', '13:30', '15:50', '155127', '155163', '', '2', '2023-10-04 15:40:14', 'no'),
(444, 50, 3, 11, '2023-09-26', '16:30', '16:50', '68181', '68185', 'ນາງ ສຸກນະພາ', '2', '2023-10-04 16:41:59', 'no'),
(445, 50, 3, 8, '2023-09-28', '08:40', '09:16', '68185', '68189', '', '2', '2023-10-04 16:41:59', 'no'),
(446, 50, 12, 11, '2023-09-28', '00:00', '00:00', '68189', '68203', 'ທ້າວ ສົມລັດ', '2', '2023-10-04 16:41:59', 'no'),
(447, 50, 11, 1, '2023-09-29', '09:00', '11:00', '68203', '68222', '', '2', '2023-10-04 16:41:59', 'no'),
(448, 50, 1, 1, '2023-09-29', '11:10', '12:30', '68222', '68239', '', '2', '2023-10-04 16:41:59', 'no'),
(449, 50, 23, 6, '2023-09-29', '13:00', '14:25', '68239', '68251', '', '2', '2023-10-04 16:41:59', 'no'),
(450, 50, 11, 6, '2023-09-29', '15:00', '16:30', '68251', '68264', '', '2', '2023-10-04 16:41:59', 'no'),
(451, 39, 40, 13, '2023-10-02', '08:00', '19:00', '289711', '289753', 'ທ່ານCFO.ໃຊ້ໄປວຽກ', '6', '2023-10-09 16:41:23', 'no'),
(452, 39, 40, 13, '2023-10-03', '08:00', '18:00', '289753', '289795', 'ທ່ານCFO.ໃຊ້ໄປວຽກ', '6', '2023-10-09 16:42:45', 'no'),
(453, 39, 43, 9, '2023-10-04', '10:00', '11:00', '289795', '289814', '', '6', '2023-10-09 16:43:44', 'no'),
(454, 39, 40, 13, '2023-10-04', '08:00', '18:00', '289814', '289837', 'ທ່ານCFO.ໃຊ້ໄປວຽກ', '6', '2023-10-09 16:44:47', 'no'),
(455, 39, 43, 9, '2023-10-05', '10:20', '11:00', '289837', '289843', '', '6', '2023-10-09 16:47:11', 'no'),
(456, 39, 40, 9, '2023-10-05', '11:30', '11:45', '289843', '289847', '', '6', '2023-10-09 16:48:28', 'no'),
(457, 39, 40, 9, '2023-10-06', '10:30', '00:00', '289847', '289856', '', '6', '2023-10-09 16:49:40', 'no'),
(458, 39, 44, 9, '2023-10-06', '14:00', '04:00', '289856', '289878', '', '6', '2023-10-09 16:50:37', 'no'),
(459, 39, 41, 9, '2023-10-07', '09:30', '00:00', '289878', '289891', '', '6', '2023-10-09 16:51:45', 'no'),
(460, 39, 43, 9, '2023-10-09', '09:30', '10:30', '289891', '289899', '', '6', '2023-10-09 16:52:51', 'no'),
(461, 39, 44, 9, '2023-10-09', '15:31', '16:30', '289899', '289918', '', '6', '2023-10-16 11:37:45', 'no'),
(462, 39, 43, 9, '2023-10-10', '11:00', '00:00', '289918', '289932', '', '6', '2023-10-16 11:38:49', 'yes'),
(463, 39, 44, 9, '2023-10-10', '15:00', '00:00', '289932', '289953', '', '6', '2023-10-16 11:40:09', 'yes'),
(464, 39, 43, 9, '2023-10-10', '11:00', '00:00', '289918', '289932', '', '6', '2023-10-16 11:42:35', 'no'),
(465, 39, 44, 9, '2023-10-10', '15:00', '16:00', '289932', '289953', '', '6', '2023-10-16 11:43:58', 'no'),
(466, 39, 43, 9, '2023-10-12', '10:00', '10:30', '289953', '289963', '', '6', '2023-10-16 11:45:11', 'no'),
(467, 39, 41, 13, '2023-10-14', '11:00', '13:30', '289963', '289977', 'ຜູ້ຈັດການອາຄານພາຫົວໜ້າຂະແໜງຄຸ້ມຄອງສາງຊັບສິນອອກໄປຊື', '6', '2023-10-16 11:48:40', 'no'),
(468, 39, 43, 9, '2023-10-16', '10:00', '11:00', '289977', '289985', '', '6', '2023-10-16 11:49:54', 'no'),
(469, 14, 3, 7, '2023-10-02', '13:30', '16:30', '155098', '155115', '', '2', '2023-10-19 09:23:19', 'no'),
(470, 14, 19, 14, '2023-10-03', '21:30', '13:00', '155115', '155127', '', '2', '2023-10-19 09:23:19', 'no'),
(471, 14, 33, 14, '2023-10-03', '13:30', '15:50', '155127', '155163', '', '2', '2023-10-19 09:23:19', 'no'),
(472, 14, 27, 1, '2023-10-05', '13:00', '16:00', '155163', '155199', '', '2', '2023-10-19 09:23:19', 'no'),
(473, 14, 2, 1, '2023-10-06', '13:00', '15:00', '155199', '155257', '', '2', '2023-10-19 09:23:19', 'no'),
(474, 14, 3, 1, '2023-10-06', '15:20', '16:27', '155257', '155268', '', '2', '2023-10-19 09:23:19', 'no'),
(475, 14, 19, 14, '2023-10-09', '13:00', '14:50', '155268', '155281', '', '2', '2023-10-19 09:23:19', 'no'),
(476, 14, 3, 7, '2023-10-09', '15:40', '16:18', '155281', '155289', '', '2', '2023-10-19 09:23:19', 'no'),
(477, 14, 1, 7, '2023-10-10', '14:30', '15:45', '155318', '155327', '', '2', '2023-10-19 09:23:19', 'no'),
(478, 14, 3, 2, '2023-10-18', '09:00', '10:00', '155327', '155349', '', '2', '2023-10-19 09:23:19', 'no'),
(479, 14, 10, 8, '2023-10-10', '13:10', '15:12', '155289', '155318', '', '2', '2023-10-19 09:24:25', 'no'),
(480, 9, 10, 14, '2023-10-02', '09:00', '11:40', '154020', '154038', '', '2', '2023-10-19 10:17:03', 'no'),
(481, 9, 17, 14, '2023-10-02', '14:00', '15:10', '154038', '154051', '', '2', '2023-10-19 10:17:03', 'no'),
(482, 9, 17, 6, '2023-10-03', '09:40', '11:10', '154051', '154064', '', '2', '2023-10-19 10:17:03', 'no'),
(483, 9, 33, 1, '2023-10-03', '13:30', '16:40', '154064', '154093', '', '2', '2023-10-19 10:17:03', 'no'),
(484, 9, 17, 14, '2023-10-04', '09:30', '11:20', '154093', '154107', '', '2', '2023-10-19 10:17:03', 'no'),
(485, 9, 2, 8, '2023-10-05', '13:00', '15:30', '154107', '154155', '', '2', '2023-10-19 10:17:03', 'no'),
(486, 9, 49, 14, '2023-10-06', '09:00', '13:00', '154155', '154205', '', '2', '2023-10-19 10:17:03', 'no'),
(487, 9, 1, 6, '2023-10-09', '13:30', '17:15', '154230', '154273', '', '2', '2023-10-19 10:17:03', 'no'),
(488, 9, 2, 7, '2023-10-10', '09:00', '12:00', '154273', '154310', '', '2', '2023-10-19 10:17:03', 'no'),
(489, 9, 1, 11, '2023-10-11', '13:30', '15:00', '154310', '154331', 'ນາງ ການຈະນາ', '2', '2023-10-19 10:17:03', 'no'),
(490, 9, 17, 14, '2023-10-12', '10:00', '11:02', '154331', '154342', '', '2', '2023-10-19 10:17:03', 'no'),
(491, 9, 1, 14, '2023-10-12', '13:30', '16:30', '154342', '154386', '', '2', '2023-10-19 10:17:03', 'no'),
(492, 9, 1, 6, '2023-10-13', '09:20', '12:11', '154386', '154416', '', '2', '2023-10-19 10:17:03', 'no'),
(493, 9, 3, 6, '2023-10-13', '13:30', '16:40', '154416', '154421', '', '2', '2023-10-19 10:17:03', 'no'),
(494, 9, 3, 7, '2023-10-15', '08:30', '17:00', '154421', '154460', '', '2', '2023-10-19 10:17:03', 'no'),
(495, 9, 3, 6, '2023-10-16', '09:30', '11:15', '154460', '154491', '', '2', '2023-10-19 10:17:03', 'no'),
(496, 9, 3, 1, '2023-10-16', '13:30', '17:20', '154491', '154525', '', '2', '2023-10-19 10:17:03', 'no'),
(497, 9, 1, 1, '2023-10-18', '09:30', '11:00', '154525', '154539', '', '2', '2023-10-19 10:17:03', 'no'),
(498, 9, 25, 1, '2023-10-18', '14:00', '16:18', '154539', '154576', '', '2', '2023-10-19 10:17:03', 'no'),
(499, 9, 19, 14, '2023-10-19', '09:00', '10:00', '154576', '154591', '', '2', '2023-10-19 10:17:03', 'no'),
(500, 37, 1, 11, '2023-10-02', '11:00', '12:00', '68264', '68278', 'ທ້າວ ບຸນລາມ', '2', '2023-10-19 10:34:06', 'no'),
(501, 37, 11, 1, '2023-10-03', '09:03', '10:41', '68278', '68308', '', '2', '2023-10-19 10:34:06', 'no'),
(502, 37, 17, 11, '2023-10-03', '15:46', '17:11', '68308', '68320', 'ນາງ ສຸກນະພາ', '2', '2023-10-19 10:34:06', 'no'),
(503, 37, 19, 14, '2023-10-04', '13:40', '15:00', '68320', '68365', '', '2', '2023-10-19 10:34:06', 'no'),
(504, 37, 2, 1, '2023-10-06', '09:00', '11:00', '68365', '68381', '', '2', '2023-10-19 10:34:06', 'no'),
(505, 37, 19, 11, '2023-10-08', '13:00', '17:00', '68381', '68496', 'ທ້າວ ບຸນລາມ', '2', '2023-10-19 10:34:06', 'no'),
(506, 37, 12, 11, '2023-10-10', '14:00', '18:00', '68496', '68522', 'ທ້າວ ສົມລັດ', '2', '2023-10-19 10:34:06', 'no'),
(507, 37, 17, 2, '2023-10-11', '11:00', '00:00', '68522', '68543', '', '2', '2023-10-19 10:34:06', 'no'),
(508, 37, 19, 14, '2023-10-11', '13:30', '15:50', '68543', '68593', '', '2', '2023-10-19 10:34:06', 'no'),
(509, 37, 12, 11, '2023-10-12', '13:00', '17:00', '68598', '68611', 'ທ້າວ ສົມລັດ', '2', '2023-10-19 10:34:06', 'no'),
(510, 37, 12, 11, '2023-10-13', '09:00', '13:00', '68611', '68626', 'ທ້າວ ສົມລັດ', '2', '2023-10-19 10:34:06', 'no'),
(511, 37, 1, 1, '2023-10-16', '09:30', '11:30', '68626', '68638', '', '2', '2023-10-19 10:34:06', 'no'),
(512, 37, 1, 6, '2023-10-16', '14:00', '15:00', '68638', '68646', '', '2', '2023-10-19 10:34:06', 'no'),
(513, 37, 12, 11, '2023-10-17', '13:00', '17:00', '68646', '68680', 'ທ້າວ ສົມລັດ', '2', '2023-10-19 10:34:06', 'no'),
(514, 37, 12, 11, '2023-10-18', '13:30', '15:30', '68680', '68697', 'ທ້າວ ສົມລັດ', '2', '2023-10-19 10:34:06', 'no'),
(515, 8, 3, 7, '2023-10-03', '13:30', '13:00', '143956', '144030', '', '2', '2023-10-19 11:03:39', 'no'),
(516, 8, 3, 6, '2023-10-04', '08:30', '09:30', '144030', '144044', '', '2', '2023-10-19 11:03:39', 'no'),
(517, 8, 33, 6, '2023-10-04', '10:00', '11:30', '144044', '144056', '', '2', '2023-10-19 11:03:39', 'no'),
(518, 8, 3, 6, '2023-10-04', '14:35', '16:10', '144056', '144078', '', '2', '2023-10-19 11:03:39', 'no'),
(519, 8, 17, 6, '2023-10-05', '13:50', '17:15', '144078', '144111', '', '2', '2023-10-19 11:03:39', 'no'),
(520, 8, 6, 6, '2023-10-06', '09:30', '12:25', '144111', '144138', '', '2', '2023-10-19 11:03:39', 'no'),
(521, 8, 1, 7, '2023-10-06', '13:30', '16:43', '144138', '144168', '', '2', '2023-10-19 11:03:39', 'no'),
(522, 8, 21, 2, '2023-10-09', '13:30', '16:00', '144168', '144188', '', '2', '2023-10-19 11:03:39', 'no'),
(523, 8, 32, 14, '2023-10-10', '13:30', '15:34', '144188', '144220', '', '2', '2023-10-19 11:03:39', 'no'),
(524, 8, 1, 14, '2023-10-11', '09:00', '12:35', '144220', '144249', '', '2', '2023-10-19 11:03:39', 'no');
INSERT INTO `tb_diary_record_car` (`id`, `car_reg_id`, `unit_id`, `driver_id`, `date`, `time_start`, `time_end`, `meter_start`, `meter_end`, `remark`, `user_add`, `date_add`, `isDelete`) VALUES
(525, 8, 20, 1, '2023-10-12', '09:00', '11:30', '144249', '144321', '', '2', '2023-10-19 11:03:39', 'no'),
(526, 8, 1, 1, '2023-10-12', '13:30', '15:30', '144321', '144338', '', '2', '2023-10-19 11:03:39', 'no'),
(527, 8, 3, 1, '2023-10-13', '09:00', '09:40', '144338', '144350', '', '2', '2023-10-19 11:03:39', 'no'),
(528, 8, 33, 1, '2023-10-13', '13:30', '15:00', '144350', '144379', '', '2', '2023-10-19 11:03:39', 'no'),
(529, 8, 25, 7, '2023-10-17', '14:00', '16:00', '144379', '144433', '', '2', '2023-10-19 11:03:39', 'no'),
(530, 8, 1, 2, '2023-10-18', '10:30', '11:50', '144433', '144455', '', '2', '2023-10-19 11:03:39', 'no'),
(531, 8, 33, 8, '2023-10-18', '13:30', '16:00', '144455', '144501', '', '2', '2023-10-19 11:03:39', 'no'),
(532, 12, 1, 7, '2023-10-13', '14:00', '17:00', '126596', '126636', '', '2', '2023-10-19 11:05:52', 'no'),
(533, 12, 3, 8, '2023-10-17', '15:02', '16:15', '126636', '126652', '', '2', '2023-10-19 11:05:52', 'no'),
(534, 10, 1, 14, '2023-10-05', '13:30', '17:20', '155369', '155398', '', '2', '2023-10-19 11:25:24', 'no'),
(535, 10, 1, 8, '2023-10-06', '09:30', '12:10', '155398', '155429', '', '2', '2023-10-19 11:25:24', 'no'),
(536, 10, 21, 8, '2023-10-06', '13:09', '16:10', '155429', '155442', '', '2', '2023-10-19 11:25:24', 'no'),
(537, 10, 2, 8, '2023-10-09', '10:00', '16:00', '155442', '155495', '', '2', '2023-10-19 11:25:24', 'no'),
(538, 10, 1, 1, '2023-10-10', '13:00', '17:20', '155495', '155546', '', '2', '2023-10-19 11:25:24', 'no'),
(539, 10, 1, 8, '2023-10-11', '13:30', '17:48', '155546', '155573', '', '2', '2023-10-19 11:25:24', 'no'),
(540, 10, 1, 2, '2023-10-12', '10:00', '10:39', '155573', '155586', '', '2', '2023-10-19 11:25:24', 'no'),
(541, 10, 33, 8, '2023-10-12', '13:30', '15:50', '155586', '155619', '', '2', '2023-10-19 11:25:24', 'no'),
(542, 10, 11, 1, '2023-10-13', '14:00', '15:00', '155619', '155627', '', '2', '2023-10-19 11:25:24', 'no'),
(543, 10, 1, 1, '2023-10-13', '14:00', '15:29', '155627', '155649', '', '2', '2023-10-19 11:25:24', 'no'),
(544, 10, 3, 6, '2023-10-15', '13:00', '15:40', '155649', '155653', '', '2', '2023-10-19 11:25:24', 'no'),
(545, 10, 33, 6, '2023-10-17', '09:30', '10:15', '155653', '155661', '', '2', '2023-10-19 11:25:24', 'no'),
(546, 10, 1, 2, '2023-10-17', '13:30', '17:20', '155661', '155695', '', '2', '2023-10-19 11:25:24', 'no'),
(547, 10, 4, 11, '2023-10-18', '14:00', '16:00', '155704', '155723', 'ທ້າວ ພອນປະເສີດ', '2', '2023-10-19 11:25:24', 'no'),
(548, 10, 25, 1, '2023-10-19', '09:30', '11:00', '155723', '155764', '', '2', '2023-10-19 11:25:24', 'no'),
(549, 10, 4, 11, '2023-10-18', '10:00', '10:30', '155695', '155704', 'ທ້າວ ພອນປະເສີດ', '2', '2023-10-19 11:26:32', 'no'),
(550, 15, 1, 14, '2023-10-09', '15:00', '17:00', '88930', '88952', '', '2', '2023-10-19 11:37:46', 'no'),
(551, 15, 3, 2, '2023-10-10', '13:30', '15:00', '88952', '88982', '', '2', '2023-10-19 11:37:46', 'no'),
(552, 15, 3, 8, '2023-10-11', '21:05', '23:14', '88982', '89001', '', '2', '2023-10-19 11:37:46', 'no'),
(553, 15, 48, 11, '2023-10-12', '13:30', '16:50', '89001', '89040', 'ນາງ ພູລັດສະຫມີ', '2', '2023-10-19 11:37:46', 'no'),
(554, 15, 48, 11, '2023-10-13', '13:30', '15:30', '89040', '89060', 'ນາງ ພູລັດສະຫມີ', '2', '2023-10-19 11:37:46', 'no'),
(555, 15, 33, 8, '2023-10-17', '09:10', '10:00', '89060', '89068', '', '2', '2023-10-19 11:37:46', 'no'),
(556, 15, 3, 11, '2023-10-17', '14:00', '15:18', '89068', '89090', 'ນາງ ເພັດໄພລິນ', '2', '2023-10-19 11:37:46', 'no'),
(557, 15, 11, 6, '2023-10-18', '10:00', '11:00', '89090', '89092', '', '2', '2023-10-19 11:37:46', 'no'),
(558, 15, 11, 6, '2023-10-18', '14:00', '14:45', '89092', '89099', '', '2', '2023-10-19 11:37:46', 'no'),
(559, 15, 3, 6, '2023-10-18', '16:00', '17:05', '89099', '89110', '', '2', '2023-10-19 11:37:46', 'no'),
(560, 9, 33, 2, '2023-10-19', '11:00', '11:40', '154591', '154596', '', '2', '2023-10-19 11:41:04', 'yes'),
(561, 10, 6, 8, '2023-10-19', '13:30', '16:40', '155764', '155824', '', '3', '2023-10-20 08:45:10', 'no'),
(562, 9, 1, 1, '2023-10-19', '13:50', '16:05', '154596', '154621', '', '3', '2023-10-20 08:46:16', 'no'),
(563, 8, 33, 8, '2023-10-18', '13:30', '16:40', '144455', '144501', '', '2', '2023-10-20 08:49:37', 'no'),
(564, 8, 3, 14, '2023-10-19', '13:00', '16:00', '144501', '144533', '', '2', '2023-10-20 08:49:37', 'no'),
(565, 9, 33, 2, '2023-10-19', '11:00', '11:30', '154591', '154596', '', '2', '2023-10-20 08:50:59', 'no'),
(566, 15, 3, 2, '2023-10-19', '09:00', '10:00', '89110', '89120', '', '2', '2023-10-20 14:23:21', 'no'),
(567, 15, 11, 14, '2023-10-20', '09:00', '11:26', '89120', '89149', '', '2', '2023-10-20 14:24:38', 'no'),
(568, 8, 17, 6, '2023-10-20', '10:00', '11:00', '144533', '144543', '', '2', '2023-10-20 14:31:08', 'no'),
(569, 9, 3, 1, '2023-10-20', '07:00', '10:00', '154621', '154645', '', '2', '2023-10-20 14:48:35', 'no'),
(570, 9, 17, 1, '2023-10-20', '13:30', '14:38', '154645', '154656', '', '2', '2023-10-20 14:48:35', 'no'),
(571, 43, 10, 6, '2023-10-11', '09:00', '13:10', '65410', '65439', '', '2', '2023-10-20 15:26:09', 'no'),
(572, 43, 3, 6, '2023-10-11', '20:50', '20:57', '65439', '65462', '', '2', '2023-10-20 15:26:09', 'no'),
(573, 43, 3, 6, '2023-10-12', '09:00', '11:00', '65462', '65498', '', '2', '2023-10-20 15:26:09', 'no'),
(574, 43, 3, 6, '2023-10-12', '13:20', '15:30', '65498', '65502', '', '2', '2023-10-20 15:34:13', 'no'),
(575, 43, 3, 14, '2023-10-13', '14:30', '16:20', '65502', '65514', '', '2', '2023-10-20 15:34:13', 'no'),
(576, 43, 3, 8, '2023-10-15', '12:30', '14:00', '65514', '65536', '', '2', '2023-10-20 15:38:13', 'no'),
(577, 43, 3, 8, '2023-10-15', '16:30', '19:10', '65536', '65561', '', '2', '2023-10-20 15:38:13', 'no'),
(578, 43, 3, 7, '2023-10-18', '13:30', '15:16', '65561', '65577', '', '2', '2023-10-20 15:41:49', 'no'),
(579, 43, 3, 6, '2023-10-18', '18:30', '20:55', '65577', '65600', '', '2', '2023-10-20 15:44:59', 'no'),
(580, 43, 3, 6, '2023-10-19', '08:00', '19:15', '65600', '65638', '', '2', '2023-10-20 15:46:48', 'no'),
(581, 15, 10, 2, '2023-10-23', '14:00', '14:22', '89149', '89158', '', '2', '2023-10-24 14:51:13', 'no'),
(582, 15, 3, 2, '2023-10-23', '14:35', '15:45', '89158', '89175', '', '2', '2023-10-24 14:53:05', 'no'),
(583, 15, 10, 14, '2023-10-24', '10:30', '00:08', '89175', '89190', '', '2', '2023-10-24 14:54:16', 'no'),
(584, 15, 10, 2, '2023-10-25', '08:30', '11:30', '89190', '89211', '', '2', '2023-10-26 08:59:50', 'no'),
(585, 15, 3, 6, '2023-10-25', '14:25', '14:37', '89213', '89228', '', '2', '2023-10-26 09:09:02', 'no'),
(586, 37, 1, 14, '2023-10-19', '11:20', '12:09', '68697', '68709', '', '2', '2023-10-26 09:37:16', 'no'),
(587, 37, 12, 11, '2023-10-19', '13:30', '19:00', '68709', '68769', 'ທ້າວ ສົມລັດ', '2', '2023-10-26 09:39:33', 'no'),
(588, 37, 11, 2, '2023-10-20', '09:15', '10:43', '68769', '68783', '', '2', '2023-10-26 09:50:41', 'no'),
(589, 37, 23, 2, '2023-10-20', '14:00', '15:00', '68783', '68796', '', '2', '2023-10-26 09:56:34', 'no'),
(590, 37, 12, 12, '2023-10-22', '13:30', '17:00', '68796', '68886', 'ທ້າວ ສົມລັດ', '2', '2023-10-26 10:06:19', 'no'),
(591, 37, 12, 11, '2023-10-23', '13:00', '18:00', '68886', '68888', 'ທ້າວ ສົມລັດ', '2', '2023-10-26 10:07:54', 'no'),
(592, 37, 12, 12, '2023-10-24', '10:00', '11:00', '68888', '68905', 'ທ້າວ ເຈ', '2', '2023-10-26 10:16:53', 'no'),
(593, 37, 12, 13, '2023-10-25', '13:30', '17:00', '68905', '68919', 'ທ້າວ ສົມລັດ', '2', '2023-10-26 10:16:53', 'no'),
(594, 10, 3, 8, '2023-10-20', '08:50', '10:30', '155824', '155841', '', '2', '2023-10-26 10:27:37', 'no'),
(595, 10, 1, 14, '2023-10-20', '13:30', '17:00', '155841', '155887', '', '2', '2023-10-26 10:27:37', 'no'),
(596, 10, 3, 1, '2023-10-23', '11:05', '12:38', '155887', '155932', '', '2', '2023-10-26 10:34:57', 'no'),
(597, 10, 3, 14, '2023-10-23', '13:30', '15:12', '155932', '155951', '', '2', '2023-10-26 10:34:57', 'no'),
(598, 10, 14, 6, '2023-10-24', '10:00', '12:00', '155951', '155981', '', '2', '2023-10-26 10:39:51', 'no'),
(599, 10, 1, 6, '2023-10-24', '14:00', '17:15', '155981', '156008', '', '2', '2023-10-26 10:39:51', 'no'),
(600, 10, 3, 14, '2023-10-25', '09:30', '10:20', '156008', '156019', '', '2', '2023-10-26 10:42:01', 'no'),
(601, 10, 1, 14, '2023-10-25', '13:30', '16:49', '156019', '156047', '', '2', '2023-10-26 10:42:01', 'no'),
(602, 9, 3, 1, '2023-10-20', '15:25', '16:59', '154656', '154667', '', '2', '2023-10-26 10:49:46', 'no'),
(603, 9, 1, 8, '2023-10-23', '15:05', '16:10', '154667', '154682', '', '2', '2023-10-26 11:02:44', 'no'),
(604, 9, 19, 1, '2023-10-23', '16:30', '17:30', '154682', '154697', '', '2', '2023-10-26 11:02:44', 'no'),
(605, 9, 4, 1, '2023-10-24', '09:00', '10:30', '154697', '154708', '', '2', '2023-10-26 11:10:58', 'no'),
(606, 9, 4, 1, '2023-10-24', '15:00', '15:30', '154708', '154713', '', '2', '2023-10-26 11:10:58', 'no'),
(607, 9, 17, 1, '2023-10-25', '09:00', '10:00', '154713', '154728', '', '2', '2023-10-26 11:10:58', 'no'),
(608, 9, 1, 1, '2023-10-26', '09:30', '11:00', '154728', '154756', '', '2', '2023-10-26 14:20:48', 'no'),
(609, 8, 3, 14, '2023-10-26', '09:00', '10:00', '144621', '144633', '', '2', '2023-10-26 14:25:17', 'no'),
(610, 15, 3, 2, '2023-10-26', '09:30', '10:30', '89228', '89243', '', '2', '2023-10-26 14:26:42', 'no'),
(611, 39, 43, 9, '2023-10-17', '10:20', '11:00', '289985', '289992', '', '6', '2023-10-28 16:39:11', 'no'),
(612, 39, 41, 13, '2023-10-17', '16:00', '16:31', '289992', '290004', '', '6', '2023-10-28 16:39:11', 'no'),
(613, 39, 43, 9, '2023-10-18', '10:30', '11:00', '290004', '290011', '', '6', '2023-10-28 16:50:26', 'no'),
(614, 39, 40, 9, '2023-10-19', '10:30', '11:10', '290011', '290029', '', '6', '2023-10-28 16:50:26', 'no'),
(615, 39, 40, 9, '2023-10-21', '10:20', '10:50', '290029', '290036', '', '6', '2023-10-28 16:50:26', 'no'),
(616, 39, 43, 9, '2023-10-23', '10:30', '11:00', '290036', '290049', '', '6', '2023-10-28 16:50:26', 'no'),
(617, 39, 43, 9, '2023-10-24', '10:30', '11:10', '290049', '290065', '', '6', '2023-10-28 16:50:26', 'no'),
(618, 39, 40, 9, '2023-10-24', '13:30', '14:00', '290065', '290078', '', '6', '2023-10-28 16:50:26', 'no'),
(619, 39, 40, 9, '2023-10-25', '09:30', '10:10', '290078', '290091', '', '6', '2023-10-28 16:50:26', 'no'),
(620, 39, 43, 9, '2023-10-26', '10:30', '11:00', '290091', '290100', '', '6', '2023-10-28 16:50:26', 'no'),
(621, 38, 43, 9, '2023-10-02', '09:30', '10:30', '164452', '164463', '', '6', '2023-10-30 10:30:39', 'no'),
(622, 38, 40, 9, '2023-10-05', '13:00', '13:50', '164463', '164485', '', '6', '2023-10-30 11:03:50', 'no'),
(623, 38, 43, 9, '2023-10-11', '10:00', '11:00', '164485', '164501', '', '6', '2023-10-30 11:03:50', 'no'),
(624, 38, 43, 9, '2023-10-13', '09:30', '10:10', '164501', '164513', '', '6', '2023-10-30 11:03:50', 'no'),
(625, 38, 40, 9, '2023-10-23', '14:10', '15:00', '164513', '164526', '', '6', '2023-10-30 11:03:50', 'no'),
(626, 38, 41, 13, '2023-10-27', '16:30', '17:00', '164526', '164544', '', '6', '2023-10-30 11:03:50', 'no'),
(627, 8, 30, 1, '2023-10-26', '13:30', '15:15', '144633', '144661', '', '2', '2023-10-30 11:30:19', 'no'),
(628, 8, 22, 1, '2023-10-26', '16:00', '19:00', '144661', '144676', '', '2', '2023-10-30 11:33:12', 'no'),
(629, 9, 1, 14, '2023-10-26', '13:30', '16:50', '154756', '154770', '', '2', '2023-10-31 13:32:08', 'no'),
(630, 10, 21, 2, '2023-10-26', '15:30', '17:40', '156047', '156088', '', '2', '2023-10-31 13:52:45', 'no'),
(631, 43, 3, 8, '2023-10-24', '12:00', '18:02', '65638', '65682', '', '2', '2023-10-31 13:58:45', 'no'),
(632, 43, 3, 8, '2023-10-25', '08:15', '17:05', '65682', '65714', '', '2', '2023-10-31 13:58:45', 'no'),
(633, 43, 3, 8, '2023-10-26', '08:20', '11:35', '65714', '65769', '', '2', '2023-10-31 13:58:45', 'no'),
(634, 15, 3, 11, '2023-10-27', '14:00', '14:34', '89243', '89253', 'ນາງ ສຸກນະພາ', '2', '2023-10-31 14:06:58', 'no'),
(635, 37, 12, 12, '2023-10-26', '14:00', '16:50', '68911', '68946', 'ທ້າວ ສົມລັດ', '2', '2023-10-31 14:11:52', 'no'),
(636, 37, 23, 6, '2023-10-27', '13:15', '15:15', '68946', '68961', '', '2', '2023-10-31 14:11:52', 'no'),
(637, 43, 3, 2, '2023-10-27', '13:00', '13:30', ' 65769', '65793', '', '2', '2023-10-31 14:43:58', 'no'),
(638, 43, 4, 2, '2023-10-27', '13:30', '15:40', '65793', '65811', '', '2', '2023-10-31 14:43:58', 'no'),
(639, 43, 3, 6, '2023-10-31', '09:00', '09:40', '65811', '65816', '', '2', '2023-10-31 14:43:58', 'no'),
(640, 9, 1, 1, '2023-10-27', '09:30', '12:19', '154770', '154789', '', '2', '2023-10-31 14:50:01', 'no'),
(641, 9, 1, 1, '2023-10-27', '14:30', '16:33', '154789', '154796', '', '2', '2023-10-31 14:50:01', 'no'),
(642, 15, 1, 2, '2023-10-30', '17:00', '18:26', '89253', '89273', '', '2', '2023-10-31 15:45:12', 'no'),
(643, 15, 11, 1, '2023-10-31', '10:00', '11:15', '89273', '89283', '', '2', '2023-10-31 15:45:12', 'no'),
(644, 15, 11, 1, '2023-10-31', '14:00', '15:35', '89283', '89299', '', '2', '2023-10-31 15:45:12', 'no'),
(645, 37, 3, 6, '2023-10-27', '15:40', '17:00', '68961', '68981', '', '2', '2023-10-31 16:10:07', 'no'),
(646, 37, 12, 12, '2023-10-28', '10:30', '17:56', '68981', '69077', 'ທ້າວ ສົມລັດ', '2', '2023-10-31 16:10:07', 'no'),
(647, 37, 3, 8, '2023-10-30', '10:20', '11:55', '69077', '96100', '', '2', '2023-10-31 16:10:07', 'no'),
(648, 37, 1, 14, '2023-10-30', '17:00', '18:08', '69100', '69120', '', '2', '2023-10-31 16:11:28', 'no'),
(649, 14, 4, 12, '2023-10-20', '13:30', '14:00', '155349', '155361', 'ທ້າວ ເສີດ', '2', '2023-10-31 16:55:57', 'no'),
(650, 14, 30, 14, '2023-10-31', '13:30', '16:27', '155361', '155397', '', '2', '2023-10-31 16:55:57', 'no'),
(651, 12, 15, 2, '2023-10-31', '09:30', '10:19', '126788', '126795', '', '2', '2023-10-31 17:01:28', 'no'),
(652, 12, 1, 6, '2023-10-31', '13:30', '16:15', '126795', '126823', '', '2', '2023-10-31 17:01:28', 'no'),
(653, 10, 11, 6, '2023-10-27', '09:00', '11:00', '156088', '156097', '', '2', '2023-10-31 17:25:15', 'no'),
(654, 10, 1, 14, '2023-10-27', '00:00', '00:00', '156097', '156117', '', '2', '2023-10-31 17:25:15', 'no'),
(655, 10, 3, 2, '2023-10-30', '09:30', '11:20', '156117', '156144', '', '2', '2023-10-31 17:25:15', 'no'),
(656, 10, 28, 1, '2023-10-30', '14:30', '17:33', '156144', '156170', '', '2', '2023-10-31 17:25:15', 'no'),
(657, 10, 50, 5, '2023-10-31', '09:00', '12:00', '156170', '156222', '', '2', '2023-10-31 17:25:15', 'no'),
(658, 10, 1, 2, '2023-10-31', '14:05', '16:40', '156222', '156250', '', '2', '2023-10-31 17:25:15', 'no'),
(659, 43, 3, 6, '2023-11-01', '09:30', '11:20', '65816', '65838', '', '2', '2023-11-01 14:34:04', 'no'),
(660, 15, 3, 8, '2023-11-01', '09:23', '11:15', '89299', '89317', '', '2', '2023-11-01 14:38:06', 'no'),
(661, 15, 3, 8, '2023-11-01', '12:35', '14:13', '89317', '89337', '', '2', '2023-11-01 14:38:06', 'no'),
(662, 37, 12, 12, '2023-10-31', '10:00', '15:00', '69120', '69147', 'ທ້າວ ສົມລັດ', '2', '2023-11-01 14:43:15', 'no'),
(663, 37, 11, 14, '2023-11-01', '09:00', '11:50', '69147', '69163', '', '2', '2023-11-01 14:43:15', 'no'),
(664, 12, 3, 12, '2023-10-19', '10:00', '12:00', '126652', '126788', '', '2', '2023-11-01 15:27:44', 'no'),
(665, 10, 27, 2, '2023-11-01', '09:00', '19:32', '156250', '156433', '', '2', '2023-11-02 14:53:53', 'no'),
(666, 14, 12, 14, '2023-11-01', '13:30', '17:20', '155397', '155420', '', '2', '2023-11-02 14:55:29', 'no'),
(667, 14, 17, 14, '2023-11-02', '09:00', '11:00', '155420', '155433', '', '2', '2023-11-02 14:56:58', 'no'),
(668, 12, 3, 1, '2023-11-01', '06:30', '19:40', '126823', '126884', '', '2', '2023-11-02 15:00:40', 'no'),
(669, 12, 3, 14, '2023-11-02', '09:00', '10:51', '126884', '126930', '', '2', '2023-11-02 15:01:53', 'no'),
(670, 12, 11, 8, '2023-11-02', '14:00', '14:34', '126930', '126937', '', '2', '2023-11-02 15:04:37', 'no'),
(671, 15, 3, 8, '2023-11-01', '16:10', '17:12', '89333', '89345', '', '2', '2023-11-02 15:42:07', 'no'),
(672, 15, 7, 6, '2023-11-02', '09:30', '11:10', '89345', '89357', '', '2', '2023-11-02 15:48:40', 'no'),
(673, 9, 45, 1, '2023-11-02', '13:30', '15:16', '154796', '154840', '', '2', '2023-11-02 15:57:01', 'no'),
(674, 14, 1, 14, '2023-11-02', '13:30', '17:03', '155433', '155459', '', '2', '2023-11-03 10:03:42', 'no'),
(675, 12, 7, 8, '2023-11-02', '14:40', '17:16', '126937', '126955', '', '2', '2023-11-03 10:06:10', 'no'),
(676, 43, 3, 6, '2023-11-01', '14:00', '15:35', '65838', '65863', '', '2', '2023-11-03 10:23:55', 'no'),
(677, 43, 3, 6, '2023-11-02', '13:30', '14:15', '65863', '65866', '', '2', '2023-11-03 10:23:55', 'no'),
(678, 43, 3, 6, '2023-11-02', '14:20', '16:50', '65866', '65889', '', '2', '2023-11-03 10:23:55', 'no'),
(679, 15, 21, 1, '2023-11-02', '15:53', '16:50', '89357', '89366', '', '2', '2023-11-03 10:43:34', 'no'),
(680, 10, 27, 2, '2023-11-02', '09:00', '17:13', '156433', '156556', '', '2', '2023-11-03 10:45:15', 'no'),
(681, 10, 27, 2, '2023-11-03', '09:00', '17:20', '156556', '156688', '', '2', '2023-11-06 10:57:01', 'no'),
(682, 14, 19, 6, '2023-11-03', '09:00', '11:30', '155459', '155484', '', '2', '2023-11-06 11:02:06', 'no'),
(683, 14, 17, 14, '2023-11-03', '13:30', '14:22', '155484', '155495', '', '2', '2023-11-06 11:02:06', 'no'),
(684, 15, 11, 8, '2023-11-03', '10:00', '11:36', '89366', '89379', '', '2', '2023-11-06 11:11:27', 'no'),
(685, 15, 3, 8, '2023-11-03', '15:41', '16:55', '89407', '89417', '', '2', '2023-11-06 11:11:27', 'no'),
(686, 15, 1, 11, '2023-11-03', '13:40', '15:19', '89379', '89407', 'ນາງ ສຸກນະພາ', '2', '2023-11-06 11:11:27', 'no'),
(687, 9, 17, 14, '2023-11-03', '10:00', '11:00', '154840', '154851', '', '2', '2023-11-06 11:14:34', 'no'),
(688, 9, 1, 1, '2023-11-03', '13:00', '16:50', '154851', '154898', '', '2', '2023-11-06 11:14:34', 'no'),
(689, 12, 23, 8, '2023-11-03', '13:50', '15:05', '126964', '126976', '', '2', '2023-11-06 11:16:43', 'no'),
(690, 12, 3, 1, '2023-11-03', '09:25', '10:30', '126955', '126964', '', '2', '2023-11-06 11:18:07', 'no'),
(691, 43, 3, 6, '2023-11-03', '13:30', '15:20', '65889', '65909', '', '2', '2023-11-06 11:20:45', 'no'),
(692, 37, 12, 11, '2023-11-01', '14:00', '17:30', '69163', '69204', 'ທ້າວ ສົມລັດ', '2', '2023-11-06 16:00:02', 'no'),
(693, 37, 12, 11, '2023-11-02', '10:00', '17:30', '69204', '69226', 'ທ້າວ ສົມລັດ', '2', '2023-11-06 16:00:02', 'no'),
(694, 37, 12, 12, '2023-11-03', '15:00', '18:00', '69226', '69248', 'ທ້າວ ສົມລັດ', '2', '2023-11-06 16:00:02', 'no'),
(695, 37, 3, 1, '2023-11-06', '11:00', '12:00', '69248', '69269', '', '2', '2023-11-06 16:00:02', 'no'),
(696, 15, 11, 8, '2023-11-06', '13:30', '14:00', '89417', '89419', '', '2', '2023-11-06 16:09:12', 'no'),
(697, 15, 3, 8, '2023-11-06', '15:16', '15:50', '89419', '89423', '', '2', '2023-11-06 16:09:12', 'no'),
(698, 9, 1, 8, '2023-11-06', '10:00', '11:31', '154898', '154916', '', '2', '2023-11-06 16:42:31', 'no'),
(699, 9, 1, 1, '2023-11-06', '14:00', '16:30', '154916', '154944', '', '2', '2023-11-06 16:42:31', 'no'),
(700, 37, 3, 6, '2023-11-06', '13:40', '14:00', '69269', '69300', '', '2', '2023-11-06 16:44:44', 'no'),
(701, 15, 3, 14, '2023-11-06', '16:19', '15:00', '89423', '89427', '', '2', '2023-11-07 09:08:49', 'no'),
(702, 39, 43, 9, '2023-10-30', '10:30', '11:00', '290100', '290111', '', '6', '2023-11-07 15:17:31', 'no'),
(703, 39, 40, 9, '2023-10-30', '13:40', '14:30', '290111', '290123', '', '6', '2023-11-07 15:17:31', 'no'),
(704, 39, 40, 9, '2023-10-31', '10:00', '10:40', '290123', '290133', '', '6', '2023-11-07 15:17:31', 'no'),
(705, 39, 40, 9, '2023-10-31', '15:30', '16:00', '290133', '290137', '', '6', '2023-11-07 15:17:31', 'no'),
(706, 10, 27, 2, '2023-11-06', '09:00', '21:30', '156688', '156951', '', '2', '2023-11-13 16:16:28', 'no'),
(707, 10, 27, 2, '2023-11-07', '13:00', '17:14', '156951', '157037', '', '2', '2023-11-13 16:16:28', 'no'),
(708, 10, 1, 8, '2023-11-08', '13:30', '17:20', '157037', '157074', '', '2', '2023-11-13 16:16:28', 'no'),
(709, 10, 3, 7, '2023-11-09', '09:00', '10:04', '157074', '157084', '', '2', '2023-11-13 16:16:28', 'no'),
(710, 15, 12, 14, '2023-11-07', '11:00', '12:04', '89427', '89440', '', '2', '2023-11-13 16:34:17', 'no'),
(711, 15, 30, 8, '2023-11-08', '10:00', '11:00', '89440', '89452', '', '2', '2023-11-13 16:34:17', 'no'),
(712, 15, 19, 14, '2023-11-08', '16:00', '17:16', '89452', '89460', '', '2', '2023-11-13 16:34:17', 'no'),
(713, 15, 23, 14, '2023-11-10', '14:00', '15:07', '89481', '89492', '', '2', '2023-11-13 16:34:17', 'no'),
(714, 15, 31, 14, '2023-11-13', '10:30', '11:29', '89492', '89502', '', '2', '2023-11-13 16:34:17', 'no'),
(715, 15, 3, 14, '2023-11-13', '14:30', '15:01', '89502', '89516', '', '2', '2023-11-13 16:34:17', 'no'),
(716, 39, 43, 9, '2023-11-01', '11:00', '11:40', '290137', '290148', '', '6', '2023-11-14 09:40:48', 'no'),
(717, 39, 41, 9, '2023-11-01', '16:30', '17:00', '290148', '290161', '', '6', '2023-11-14 09:44:44', 'no'),
(718, 39, 43, 9, '2023-11-02', '10:30', '11:00', '290161', '290173', '', '6', '2023-11-14 09:44:44', 'no'),
(719, 39, 40, 9, '2023-11-02', '15:30', '16:03', '290173', '290200', '', '6', '2023-11-14 09:44:44', 'no'),
(720, 39, 40, 9, '2023-11-03', '10:00', '11:40', '290200', '290235', '', '6', '2023-11-14 09:44:44', 'no'),
(721, 39, 40, 13, '2023-11-04', '08:00', '17:30', '290235', '290278', 'ພາຄະນະcໄປທ່ຽວຊົມສະຖານທີ່ຕ່າງໆ', '6', '2023-11-14 09:44:44', 'no'),
(722, 39, 43, 9, '2023-11-07', '11:00', '11:40', '290278', '290295', '', '6', '2023-11-14 09:50:22', 'yes'),
(723, 39, 40, 9, '2023-11-07', '14:30', '14:45', '290295', '290300', '', '6', '2023-11-14 09:50:22', 'yes'),
(724, 39, 43, 9, '2023-11-08', '10:00', '10:30', '290300', '290310', '', '6', '2023-11-14 09:50:23', 'yes'),
(725, 39, 44, 9, '2023-11-08', '14:30', '15:00', '290310', '290336', '', '6', '2023-11-14 09:50:23', 'yes'),
(726, 39, 43, 9, '2023-11-09', '10:30', '10:50', '290336', '290343', '', '6', '2023-11-14 09:50:23', 'yes'),
(727, 39, 44, 9, '2023-11-09', '14:00', '16:30', '290343', '290360', '', '6', '2023-11-14 09:53:53', 'yes'),
(728, 39, 43, 9, '2023-11-10', '10:00', '10:30', '290360', '290370', '', '6', '2023-11-14 09:53:53', 'yes'),
(729, 39, 40, 9, '2023-11-11', '11:00', '11:30', '290370', '290385', '', '6', '2023-11-14 09:53:53', 'yes'),
(730, 39, 43, 9, '2023-11-13', '22:30', '11:10', '290385', '290393', '', '6', '2023-11-14 09:53:53', 'yes'),
(731, 39, 40, 9, '2023-11-07', '14:30', '14:45', '290295', '290300', '', '6', '2023-11-14 09:57:30', 'yes'),
(732, 39, 43, 9, '2023-11-07', '11:00', '11:40', '290278', '290295', '', '6', '2023-11-14 10:25:29', 'no'),
(733, 39, 40, 9, '2023-11-07', '14:30', '14:45', '290295', '290300', '', '6', '2023-11-14 10:26:12', 'yes'),
(734, 39, 40, 9, '2023-11-07', '14:30', '15:00', '290295', '290300', '', '6', '2023-11-14 10:27:52', 'no'),
(735, 39, 43, 9, '2023-11-08', '10:00', '10:30', '290300', '290310', '', '6', '2023-11-14 10:28:59', 'yes'),
(736, 39, 44, 9, '2023-11-08', '14:00', '15:00', '290310', '290336', '', '6', '2023-11-14 10:29:55', 'yes'),
(737, 9, 3, 7, '2023-11-07', '09:30', '11:30', '154944', '154975', '', '2', '2023-11-14 11:41:53', 'no'),
(738, 9, 1, 1, '2023-11-07', '14:00', '17:00', '154975', '155002', '', '2', '2023-11-14 11:41:53', 'no'),
(739, 9, 3, 1, '2023-11-08', '10:00', '11:00', '155002', '155025', '', '2', '2023-11-14 11:41:53', 'no'),
(740, 9, 3, 7, '2023-11-08', '16:20', '16:47', '155025', '155034', '', '2', '2023-11-14 11:41:53', 'no'),
(741, 39, 43, 9, '2023-11-08', '10:00', '10:30', '290300', '290310', '', '6', '2023-11-14 14:45:12', 'no'),
(742, 39, 44, 9, '2023-11-08', '14:00', '15:00', '290310', '290336', '', '6', '2023-11-14 14:46:10', 'no'),
(743, 39, 43, 9, '2023-11-09', '10:30', '10:50', '290336', '290343', '', '6', '2023-11-14 14:56:06', 'no'),
(744, 39, 44, 9, '2023-11-09', '14:00', '16:30', '290343', '290360', '', '6', '2023-11-14 14:57:02', 'no'),
(745, 39, 40, 9, '2023-11-10', '11:10', '11:30', '290360', '290370', '', '6', '2023-11-14 14:58:01', 'no'),
(746, 39, 40, 9, '2023-11-11', '11:10', '11:30', '290370', '290385', '', '6', '2023-11-14 14:59:21', 'yes'),
(747, 39, 43, 9, '2023-11-03', '10:30', '11:10', '290385', '290393', '', '6', '2023-11-14 15:00:15', 'no'),
(748, 39, 40, 9, '2023-11-11', '11:10', '11:30', '290370', '290385', '', '6', '2023-11-14 15:03:23', 'no'),
(749, 39, 43, 9, '2023-11-13', '10:30', '11:10', '290385', '290395', '', '6', '2023-11-14 15:04:16', 'no'),
(750, 39, 43, 9, '2023-11-14', '10:30', '11:00', '290395', '290409', '', '6', '2023-11-14 15:05:08', 'yes'),
(751, 38, 43, 9, '2023-11-03', '13:20', '13:40', '164544', '164550', '', '6', '2023-11-14 15:07:43', 'no'),
(752, 38, 40, 13, '2023-11-04', '08:30', '17:00', '164550', '164596', '', '6', '2023-11-14 15:10:43', 'no'),
(753, 38, 40, 9, '2023-11-06', '09:00', '09:40', '164596', '164607', '', '6', '2023-11-14 15:10:43', 'no'),
(754, 38, 43, 9, '2023-11-06', '10:30', '11:50', '164607', '164621', '', '6', '2023-11-14 15:10:43', 'no'),
(755, 9, 1, 1, '2023-11-09', '10:00', '11:20', '155034', '155046', '', '2', '2023-11-14 15:14:53', 'no'),
(756, 9, 3, 7, '2023-11-09', '13:08', '14:22', '155046', '155055', '', '2', '2023-11-14 15:14:53', 'no'),
(757, 37, 12, 12, '2023-11-08', '10:00', '12:00', '69300', '69314', 'ທ້າວ ສົມລັດ', '2', '2023-11-14 15:24:10', 'no'),
(758, 37, 3, 8, '2023-11-09', '09:51', '11:41', '69314', '69329', '', '2', '2023-11-14 15:24:10', 'no'),
(759, 37, 12, 13, '2023-11-09', '13:30', '16:30', '69329', '69350', 'ທ້າວ ສົມລັດ', '2', '2023-11-14 15:24:10', 'no'),
(760, 37, 3, 8, '2023-11-10', '09:30', '10:15', '69350', '69365', '', '2', '2023-11-14 15:24:10', 'no'),
(761, 8, 3, 7, '2023-10-27', '16:00', '17:14', '144676', '144706', '', '2', '2023-11-17 10:23:39', 'no'),
(762, 8, 3, 8, '2023-11-07', '09:30', '11:13', '146551', '146565', '', '2', '2023-11-17 10:25:44', 'no'),
(763, 8, 31, 8, '2023-11-07', '13:30', '16:01', '146565', '146590', '', '2', '2023-11-17 10:27:11', 'no'),
(764, 8, 1, 7, '2023-11-07', '14:00', '17:21', '146590', '146598', '', '2', '2023-11-17 10:32:21', 'no'),
(765, 8, 31, 2, '2023-11-08', '13:15', '16:55', '146598', '146605', '', '2', '2023-11-17 10:32:21', 'no'),
(766, 8, 1, 6, '2023-11-09', '09:30', '11:40', '146605', '146636', '', '2', '2023-11-17 10:32:21', 'no'),
(767, 8, 3, 6, '2023-11-09', '14:00', '17:23', '146636', '146662', '', '2', '2023-11-17 10:32:21', 'no'),
(768, 12, 3, 1, '2023-11-07', '09:30', '11:30', '126976', '127077', '', '2', '2023-11-17 10:40:41', 'no'),
(769, 12, 3, 7, '2023-11-08', '10:30', '11:08', '127077', '127089', '', '2', '2023-11-17 14:21:15', 'no'),
(770, 12, 14, 2, '2023-11-09', '09:30', '10:30', '127089', '127100', '', '2', '2023-11-17 14:21:15', 'no'),
(771, 12, 11, 2, '2023-11-09', '13:30', '14:00', '127100', '127112', '', '2', '2023-11-17 14:21:15', 'no'),
(772, 12, 3, 7, '2023-11-10', '10:00', '10:48', '127112', '127126', '', '2', '2023-11-17 14:21:15', 'no'),
(773, 10, 3, 7, '2023-11-09', '15:30', '16:44', '157084', '157123', '', '2', '2023-11-17 14:29:17', 'no'),
(774, 10, 17, 14, '2023-11-10', '09:00', '11:57', '157123', '157134', '', '2', '2023-11-17 14:29:17', 'no'),
(775, 10, 31, 2, '2023-11-10', '13:30', '15:08', '157134', '157147', '', '2', '2023-11-17 14:29:17', 'no'),
(776, 10, 3, 2, '2023-11-12', '08:00', '09:08', '157147', '157180', '', '2', '2023-11-17 14:29:17', 'no'),
(777, 10, 1, 1, '2023-11-13', '10:00', '11:17', '157180', '157193', '', '2', '2023-11-17 14:29:17', 'no'),
(778, 14, 31, 14, '2023-11-09', '09:30', '10:14', '155518', '155531', '', '2', '2023-11-17 14:39:41', 'no'),
(779, 14, 1, 2, '2023-11-10', '09:00', '12:05', '155531', '155573', '', '2', '2023-11-17 14:44:25', 'no'),
(780, 14, 3, 2, '2023-11-13', '10:06', '11:37', '155573', '155605', '', '2', '2023-11-17 14:44:25', 'no'),
(781, 12, 3, 7, '2023-11-13', '14:20', '15:53', '127126', '127177', '', '2', '2023-11-20 14:49:48', 'no'),
(782, 12, 21, 14, '2023-11-14', '15:05', '18:12', '127177', '127194', '', '2', '2023-11-20 14:54:28', 'no'),
(783, 12, 23, 6, '2023-11-15', '10:45', '12:05', '127194', '127207', '', '2', '2023-11-20 14:54:28', 'no'),
(784, 39, 43, 9, '2023-11-15', '09:20', '09:40', '290395', '290406', '', '6', '2023-11-20 15:00:58', 'yes'),
(785, 39, 43, 9, '2023-11-14', '10:30', '11:00', '290395', '290406', '', '6', '2023-11-20 15:07:41', 'no'),
(786, 39, 40, 9, '2023-11-15', '21:20', '09:40', '290406', '290410', '', '6', '2023-11-20 15:07:41', 'no'),
(787, 39, 43, 9, '2023-11-15', '14:36', '15:00', '290410', '290415', '', '6', '2023-11-20 15:07:41', 'no'),
(788, 39, 40, 9, '2023-11-16', '09:10', '11:30', '290415', '290429', '', '6', '2023-11-20 15:07:41', 'no'),
(789, 39, 43, 9, '2023-11-17', '10:00', '22:30', '290429', '290439', '', '6', '2023-11-20 15:07:41', 'no'),
(790, 39, 43, 9, '2023-11-20', '10:00', '10:30', '290439', '290450', '', '6', '2023-11-20 15:07:41', 'no'),
(791, 12, 3, 2, '2023-11-16', '15:00', '15:27', '127207', '127217', '', '2', '2023-11-20 16:14:36', 'no'),
(792, 12, 25, 2, '2023-11-17', '10:00', '12:14', '127217', '127242', '', '2', '2023-11-20 16:14:36', 'no'),
(793, 12, 21, 2, '2023-11-17', '13:30', '16:09', '127242', '127306', '', '2', '2023-11-20 16:16:18', 'no'),
(794, 10, 3, 13, '2023-11-14', '13:30', '17:07', '157193', '157207', 'ທ່ານ ແສງພອນ', '2', '2023-11-20 16:17:56', 'no'),
(795, 10, 21, 2, '2023-11-15', '09:30', '12:12', '157207', '157245', '', '2', '2023-11-20 16:19:07', 'no'),
(796, 10, 1, 6, '2023-11-15', '13:00', '17:00', '157245', '157285', '', '2', '2023-11-20 17:06:16', 'no'),
(797, 10, 1, 8, '2023-11-17', '13:30', '17:23', '157285', '157308', '', '2', '2023-11-20 17:06:16', 'no'),
(798, 10, 31, 14, '2023-11-20', '09:00', '11:09', '157308', '157327', '', '2', '2023-11-20 17:06:16', 'no'),
(799, 10, 1, 8, '2023-11-20', '13:30', '16:30', '157327', '157369', '', '2', '2023-11-20 17:07:04', 'no'),
(800, 43, 3, 8, '2023-11-10', '11:20', '19:10', '65986', '66032', '', '2', '2023-11-21 10:24:41', 'no'),
(801, 14, 1, 6, '2023-11-14', '13:30', '16:53', '155605', '155637', '', '2', '2023-11-21 13:42:28', 'no'),
(802, 14, 21, 14, '2023-11-16', '13:30', '16:06', '155637', '155661', '', '2', '2023-11-21 13:42:28', 'no'),
(803, 14, 17, 2, '2023-11-16', '15:44', '17:33', '155661', '155674', '', '2', '2023-11-21 13:51:14', 'no'),
(804, 14, 17, 1, '2023-11-17', '13:30', '17:50', '155674', '155701', '', '2', '2023-11-21 13:52:25', 'no'),
(805, 14, 27, 2, '2023-11-20', '10:00', '11:28', '155701', '155715', '', '2', '2023-11-21 13:54:32', 'no'),
(806, 14, 31, 14, '2023-11-21', '10:04', '10:42', '155715', '155720', '', '2', '2023-11-21 13:54:32', 'no'),
(807, 8, 30, 13, '2023-11-10', '13:00', '17:00', '146662', '146700', '', '2', '2023-11-21 14:43:14', 'no'),
(808, 8, 3, 13, '2023-11-13', '13:00', '16:00', '146700', '146747', 'ນາງ ສຸກນະພາ', '2', '2023-11-21 14:44:49', 'no'),
(809, 8, 7, 11, '2023-11-14', '09:30', '17:30', '146747', '146930', '', '2', '2023-11-21 14:51:28', 'no'),
(810, 8, 1, 14, '2023-11-15', '13:30', '14:00', '146930', '146968', '', '2', '2023-11-21 14:51:28', 'no'),
(811, 8, 1, 8, '2023-11-16', '13:30', '16:50', '146968', '147019', '', '2', '2023-11-21 14:51:28', 'no'),
(812, 8, 3, 11, '2023-11-16', '17:48', '18:50', '147019', '147023', 'ນາງ ສຸກນະພາ', '2', '2023-11-21 14:51:28', 'no'),
(813, 8, 3, 8, '2023-11-17', '09:30', '10:50', '147023', '147060', '', '2', '2023-11-21 14:51:28', 'no'),
(814, 8, 3, 12, '2023-11-17', '13:30', '17:56', '147060', '147092', 'ນາງ ສຸກນະພາ', '2', '2023-11-21 14:53:06', 'no'),
(815, 8, 20, 12, '2023-11-19', '15:00', '19:00', '147092', '147132', '', '2', '2023-11-21 15:02:09', 'no'),
(816, 8, 3, 6, '2023-11-20', '10:00', '10:10', '147132', '147136', '', '2', '2023-11-21 15:02:09', 'no'),
(817, 8, 1, 6, '2023-11-21', '09:00', '11:12', '147136', '147150', '', '2', '2023-11-21 15:02:09', 'no'),
(818, 12, 1, 1, '2023-11-20', '09:30', '11:53', '127306', '127345', '', '2', '2023-11-21 15:05:49', 'no'),
(819, 10, 1, 8, '2023-11-21', '09:30', '11:45', '157369', '157412', '', '2', '2023-11-21 15:17:22', 'no'),
(820, 37, 3, 13, '2023-11-10', '12:54', '14:06', '69365', '69387', 'ນາງເພັດໄພລິນ', '2', '2023-11-21 15:42:26', 'no'),
(821, 37, 1, 13, '2023-11-10', '14:07', '16:35', '69387', '69418', 'ນາງ ນຳ້ຝົນ', '2', '2023-11-21 15:43:59', 'no'),
(822, 37, 3, 7, '2023-11-14', '09:00', '12:00', '69418', '69446', '', '2', '2023-11-21 15:45:33', 'no'),
(823, 37, 3, 2, '2023-11-14', '14:00', '16:44', '69446', '69479', '', '2', '2023-11-21 15:46:18', 'no'),
(824, 37, 17, 1, '2023-11-15', '10:02', '11:00', '69479', '69534', '', '2', '2023-11-21 15:47:59', 'no'),
(825, 37, 12, 1, '2023-11-15', '13:30', '15:40', '69534', '69547', '', '2', '2023-11-21 15:53:32', 'no'),
(826, 37, 27, 2, '2023-11-16', '09:00', '11:28', '69547', '69604', '', '2', '2023-11-21 15:54:55', 'no'),
(827, 37, 3, 14, '2023-11-17', '09:38', '11:50', '69604', '69614', '', '2', '2023-11-21 15:56:26', 'no'),
(828, 37, 12, 11, '2023-11-17', '14:00', '18:00', '69614', '69631', 'ທ້າວ ສົມລັດ', '2', '2023-11-21 15:59:29', 'no'),
(829, 37, 10, 14, '2023-11-20', '14:00', '15:08', '69631', '69640', '', '2', '2023-11-21 15:59:29', 'no'),
(830, 37, 3, 2, '2023-11-21', '10:00', '12:56', '69640', '69677', '', '2', '2023-11-21 15:59:29', 'no'),
(831, 15, 1, 1, '2023-11-14', '14:00', '16:51', '89516', '89550', '', '2', '2023-11-21 16:10:31', 'no'),
(832, 15, 3, 14, '2023-11-15', '09:16', '12:20', '89550', '89586', '', '2', '2023-11-21 16:10:31', 'no'),
(833, 15, 17, 8, '2023-11-15', '14:02', '15:30', '89586', '89607', '', '2', '2023-11-21 16:10:31', 'no'),
(834, 15, 3, 1, '2023-11-21', '09:11', '11:09', '89607', '89629', '', '2', '2023-11-21 16:10:31', 'no'),
(835, 15, 21, 14, '2023-11-21', '13:30', '14:34', '89629', '89640', '', '2', '2023-11-21 16:10:31', 'no'),
(836, 43, 3, 8, '2023-11-09', '12:09', '12:36', '65909', '65986', '', '2', '2023-11-21 17:02:00', 'no'),
(837, 43, 3, 8, '2023-11-10', '11:20', '19:10', '65986', '66032', '', '2', '2023-11-21 17:02:00', 'no'),
(838, 43, 10, 8, '2023-11-14', '09:33', '17:30', '66032', '66222', '', '2', '2023-11-21 17:02:00', 'no'),
(839, 43, 3, 6, '2023-11-16', '14:20', '17:00', '66247', '66283', '', '2', '2023-11-21 17:07:23', 'no'),
(840, 43, 3, 6, '2023-11-17', '13:30', '15:46', '66283', '66304', '', '2', '2023-11-21 17:07:23', 'no'),
(841, 8, 6, 6, '2023-11-22', '13:30', '15:32', '147150', '147186', '', '2', '2023-11-24 09:53:25', 'no'),
(842, 8, 10, 6, '2023-11-23', '09:30', '10:10', '147186', '147196', '', '2', '2023-11-24 10:04:34', 'no'),
(843, 8, 6, 6, '2023-11-23', '10:10', '11:45', '147196', '147198', '', '2', '2023-11-24 10:06:34', 'no'),
(844, 8, 1, 14, '2023-11-23', '13:30', '17:24', '147198', '147231', '', '2', '2023-11-24 10:08:21', 'no'),
(845, 37, 1, 8, '2023-11-21', '13:30', '17:30', '69677', '69726', '', '2', '2023-11-24 13:43:12', 'no'),
(846, 37, 3, 8, '2023-11-22', '10:30', '11:23', '69726', '69737', '', '2', '2023-11-24 13:43:12', 'no'),
(847, 37, 1, 11, '2023-11-22', '11:30', '14:18', '69737', '69744', 'ທ້າວ ສົມລັດ', '2', '2023-11-24 15:28:57', 'no'),
(848, 37, 6, 8, '2023-11-23', '09:30', '10:45', '69744', '69759', '', '2', '2023-11-24 15:28:57', 'no'),
(849, 8, 1, 1, '2023-11-24', '13:30', '17:20', '147231', '147280', '', '2', '2023-11-27 15:18:37', 'no'),
(850, 8, 30, 2, '2023-11-25', '15:30', '16:52', '147280', '147297', '', '2', '2023-11-27 15:18:37', 'no'),
(851, 8, 3, 7, '2023-11-26', '10:00', '14:08', '147297', '147392', '', '2', '2023-11-27 15:18:37', 'no'),
(852, 8, 3, 7, '2023-11-27', '10:12', '11:13', '147392', '147399', '', '2', '2023-11-27 15:18:37', 'no'),
(853, 37, 12, 13, '2023-11-23', '13:00', '15:00', '69759', '69770', '', '2', '2023-11-27 16:37:02', 'no'),
(854, 37, 12, 11, '2023-11-23', '15:30', '18:38', '69770', '69821', '', '2', '2023-11-27 16:38:03', 'no'),
(855, 37, 10, 8, '2023-11-24', '11:00', '12:13', '69821', '69836', '', '2', '2023-11-27 16:40:46', 'no'),
(856, 37, 23, 14, '2023-11-24', '14:30', '15:50', '69836', '69851', '', '2', '2023-11-27 16:40:46', 'no'),
(857, 38, 43, 9, '2023-11-16', '13:32', '11:50', '164621', '164625', '', '6', '2023-11-28 11:45:16', 'no'),
(858, 38, 40, 9, '2023-11-23', '10:30', '10:50', '164625', '164635', '', '6', '2023-11-28 11:45:16', 'no'),
(859, 38, 40, 9, '2023-11-24', '09:40', '10:30', '164635', '164650', '', '6', '2023-11-28 11:45:16', 'no'),
(860, 39, 43, 9, '2023-11-21', '10:30', '11:20', '290456', '290466', '', '6', '2023-11-28 13:28:07', 'no'),
(861, 39, 40, 9, '2023-11-21', '13:40', '15:00', '290466', '290480', '', '6', '2023-11-28 13:28:07', 'no'),
(862, 39, 43, 9, '2023-11-22', '10:15', '10:40', '290480', '290486', '', '6', '2023-11-28 13:28:07', 'no'),
(863, 39, 41, 9, '2023-11-22', '15:00', '15:20', '290486', '290492', '', '6', '2023-11-28 13:28:07', 'no'),
(864, 39, 40, 9, '2023-11-24', '15:00', '15:20', '290492', '290497', '', '6', '2023-11-28 13:28:07', 'no'),
(865, 39, 43, 9, '2023-11-27', '10:00', '10:40', '290497', '290514', '', '6', '2023-11-28 13:28:07', 'no'),
(866, 39, 40, 9, '2023-11-28', '10:00', '10:40', '290514', '290530', '', '6', '2023-11-28 13:28:07', 'no'),
(867, 12, 3, 6, '2023-11-21', '14:00', '16:10', '127345', '127374', '', '2', '2023-11-28 15:03:51', 'no'),
(868, 8, 1, 8, '2023-11-28', '13:30', '15:15', '147399', '147416', '', '2', '2023-11-30 10:36:59', 'no'),
(869, 8, 1, 8, '2023-11-28', '15:30', '16:12', '147416', '147421', '', '2', '2023-11-30 10:37:53', 'no'),
(870, 37, 19, 12, '2023-11-26', '13:00', '16:00', '69851', '69973', '', '2', '2023-11-30 10:53:34', 'no'),
(871, 37, 3, 8, '2023-11-28', '09:30', '11:10', '69973', '70008', '', '2', '2023-11-30 10:53:34', 'no'),
(872, 37, 3, 2, '2023-11-28', '13:30', '14:51', '70008', '70034', '', '2', '2023-11-30 10:53:34', 'no'),
(873, 9, 3, 2, '2023-11-23', '09:00', '11:11', '155091', '155127', '', '2', '2023-11-30 11:11:20', 'no'),
(874, 9, 21, 2, '2023-11-23', '14:00', '15:43', '155127', '155179', '', '2', '2023-11-30 11:11:20', 'no'),
(875, 9, 3, 2, '2023-11-24', '10:00', '12:04', '155179', '155214', '', '2', '2023-11-30 11:11:20', 'no'),
(876, 9, 6, 2, '2023-11-24', '13:30', '14:25', '155214', '155226', '', '2', '2023-11-30 11:11:20', 'no'),
(877, 9, 1, 6, '2023-11-28', '10:00', '11:40', '155226', '155265', '', '2', '2023-11-30 11:11:20', 'no'),
(878, 9, 4, 11, '2023-11-28', '13:30', '14:55', '155265', '155278', '', '2', '2023-11-30 11:11:20', 'no'),
(879, 9, 33, 14, '2023-11-28', '15:00', '16:43', '155278', '155290', '', '2', '2023-11-30 11:11:20', 'no'),
(880, 9, 1, 1, '2023-11-21', '14:00', '16:24', '155055', '155084', '', '2', '2023-11-30 14:59:54', 'no'),
(881, 9, 3, 2, '2023-11-21', '16:30', '17:00', '155084', '155091', '', '2', '2023-11-30 14:59:54', 'no'),
(882, 9, 33, 2, '2023-11-29', '10:30', '15:18', '155290', '155344', '', '2', '2023-11-30 14:59:54', 'no'),
(883, 9, 17, 1, '2023-11-30', '09:00', '12:15', '155344', '155360', '', '2', '2023-11-30 15:02:02', 'no'),
(884, 37, 12, 1, '2023-11-28', '16:00', '17:30', '70034', '70048', '', '2', '2023-11-30 15:07:44', 'no'),
(885, 37, 3, 6, '2023-11-29', '09:25', '10:45', '70048', '70062', '', '2', '2023-11-30 15:07:44', 'no'),
(886, 12, 3, 1, '2023-11-22', '13:20', '14:30', '127374', '127393', '', '2', '2023-11-30 15:16:42', 'no'),
(887, 12, 3, 7, '2023-11-28', '13:30', '14:08', '127393', '127400', '', '2', '2023-11-30 15:16:42', 'no'),
(888, 12, 3, 1, '2023-11-29', '10:00', '11:26', '127400', '127422', '', '2', '2023-11-30 15:16:42', 'no'),
(889, 8, 3, 7, '2023-11-29', '09:00', '10:43', '147421', '147430', '', '2', '2023-11-30 15:19:36', 'no'),
(890, 8, 17, 1, '2023-11-29', '14:00', '16:06', '147430', '147446', '', '2', '2023-11-30 15:19:36', 'no'),
(891, 8, 3, 6, '2023-11-30', '09:30', '11:00', '147446', '147470', '', '2', '2023-11-30 15:19:36', 'no'),
(892, 15, 3, 12, '2023-11-24', '11:00', '12:47', '89640', '89644', '', '2', '2023-11-30 15:29:02', 'no'),
(893, 15, 17, 1, '2023-11-28', '09:34', '12:00', '89644', '89656', '', '2', '2023-11-30 15:29:02', 'no'),
(894, 15, 11, 14, '2023-11-29', '10:00', '11:50', '89656', '89666', '', '2', '2023-11-30 15:29:02', 'no'),
(895, 15, 21, 14, '2023-11-30', '14:00', '14:42', '89666', '89676', '', '2', '2023-11-30 15:29:02', 'no'),
(896, 12, 33, 1, '2023-11-30', '13:30', '15:28', '127422', '127430', '', '2', '2023-11-30 15:35:20', 'no'),
(897, 14, 1, 14, '2023-11-22', '14:00', '17:13', '155720', '155769', '', '2', '2023-11-30 15:36:55', 'no'),
(898, 43, 3, 6, '2023-11-24', '13:30', '15:32', '66329', '66350', '', '2', '2023-11-30 15:46:09', 'no'),
(899, 43, 3, 6, '2023-11-18', '00:00', '00:00', '66304', '66329', '', '2', '2023-11-30 15:56:13', 'no'),
(900, 10, 25, 12, '2023-11-29', '10:30', '11:00', '157412', '157421', '', '2', '2023-11-30 16:03:13', 'no'),
(901, 10, 23, 6, '2023-11-29', '14:20', '15:45', '157421', '157435', '', '2', '2023-11-30 16:03:13', 'no'),
(902, 10, 13, 6, '2023-11-30', '14:35', '15:55', '157435', '157448', '', '2', '2023-11-30 16:03:13', 'no'),
(903, 9, 25, 2, '2023-11-30', '13:30', '16:10', '155360', '155408', '', '2', '2023-12-01 14:40:43', 'no'),
(904, 9, 3, 2, '2023-11-30', '16:22', '16:53', '155408', '155414', '', '2', '2023-12-01 14:40:43', 'no'),
(905, 8, 1, 8, '2023-11-30', '13:30', '16:52', '147470', '147498', '', '2', '2023-12-01 14:42:03', 'no'),
(906, 8, 7, 7, '2023-12-01', '14:30', '16:19', '147498', '147507', '', '2', '2023-12-05 10:49:43', 'no'),
(907, 10, 15, 2, '2023-12-01', '09:30', '09:52', '157448', '157457', '', '2', '2023-12-05 10:51:10', 'no'),
(908, 10, 15, 2, '2023-12-01', '10:00', '12:19', '157457', '157497', '', '2', '2023-12-05 10:52:22', 'no'),
(909, 10, 30, 6, '2023-12-01', '16:00', '17:17', '157497', '157502', '', '2', '2023-12-05 10:53:20', 'no'),
(910, 9, 17, 14, '2023-12-01', '09:00', '10:51', '155414', '155427', '', '2', '2023-12-05 10:55:57', 'no'),
(911, 9, 1, 1, '2023-12-01', '14:00', '16:35', '155427', '155470', '', '2', '2023-12-05 10:57:01', 'no'),
(912, 12, 10, 6, '2023-12-01', '09:00', '12:00', '127430', '127447', '', '2', '2023-12-05 10:58:00', 'no'),
(913, 12, 30, 14, '2023-12-01', '13:30', '16:50', '127447', '127469', '', '2', '2023-12-05 10:59:23', 'no'),
(914, 39, 40, 13, '2023-11-30', '08:00', '22:00', '290530', '290651', 'ໃຊ້ໄປວຽກຕ່າງໆຂອງທ່ານ CEO', '6', '2023-12-05 11:55:49', 'no'),
(915, 38, 40, 9, '2023-11-27', '14:00', '14:10', '164650', '164652', '', '6', '2023-12-05 12:00:49', 'no'),
(916, 38, 43, 9, '2023-11-29', '10:00', '10:40', '164652', '164660', '', '6', '2023-12-05 12:00:49', 'no'),
(917, 38, 40, 9, '2023-11-29', '11:30', '11:50', '164660', '164662', '', '6', '2023-12-05 12:00:49', 'no'),
(918, 38, 40, 9, '2023-11-30', '08:10', '09:10', '164664', '164695', '', '6', '2023-12-05 12:00:49', 'no'),
(919, 38, 43, 9, '2023-11-30', '14:30', '15:00', '164695', '164703', '', '6', '2023-12-05 12:00:49', 'no'),
(920, 15, 23, 2, '2023-12-01', '14:30', '16:08', '89676', '89693', '', '2', '2023-12-05 15:03:05', 'no'),
(921, 37, 19, 11, '2023-11-30', '17:20', '18:30', '70062', '70089', '', '2', '2023-12-05 15:45:56', 'no'),
(922, 37, 12, 11, '2023-11-30', '15:00', '18:50', '70089', '70110', 'ທ້າວ ສົມລັດ', '2', '2023-12-05 15:45:56', 'no'),
(923, 37, 12, 11, '2023-12-01', '14:00', '16:00', '70110', '70144', 'ທ້າວ ສົມລັດ', '2', '2023-12-05 15:45:56', 'no'),
(924, 37, 19, 11, '2023-12-02', '12:00', '14:30', '70144', '70186', '', '2', '2023-12-05 15:45:56', 'no'),
(925, 37, 12, 13, '2023-12-03', '13:30', '14:00', '70186', '70198', 'ທ້າວ ສົມລັດ', '2', '2023-12-05 15:45:56', 'no'),
(926, 37, 3, 1, '2023-12-05', '10:20', '11:22', '70198', '70225', '', '2', '2023-12-05 15:45:56', 'no'),
(927, 37, 3, 8, '2023-12-05', '13:15', '14:35', '70225', '70240', '', '2', '2023-12-05 15:45:56', 'no'),
(928, 12, 3, 8, '2023-12-05', '09:49', '10:50', '127469', '127481', '', '2', '2023-12-05 15:54:50', 'no'),
(929, 10, 30, 14, '2023-12-05', '09:30', '11:13', '157502', '157515', '', '2', '2023-12-05 15:56:43', 'no'),
(930, 15, 17, 2, '2023-12-05', '10:45', '11:54', '89693', '89711', '', '2', '2023-12-05 15:59:42', 'no'),
(931, 9, 30, 6, '2023-12-05', '14:30', '15:30', '155470', '155478', '', '2', '2023-12-05 16:42:09', 'no'),
(932, 9, 3, 7, '2023-12-06', '10:30', '11:15', '155478', '155491', '', '2', '2023-12-07 10:02:17', 'no'),
(933, 9, 1, 1, '2023-12-06', '13:30', '16:44', '155491', '155516', '', '2', '2023-12-07 10:02:17', 'no'),
(934, 10, 17, 14, '2023-12-06', '10:00', '12:08', '157515', '157559', '', '2', '2023-12-07 10:04:26', 'no'),
(935, 10, 1, 8, '2023-12-06', '13:30', '16:42', '157525', '157559', '', '2', '2023-12-07 10:04:26', 'no'),
(936, 37, 3, 14, '2023-12-06', '14:30', '15:40', '70240', '70251', '', '2', '2023-12-07 10:05:35', 'no'),
(937, 8, 3, 6, '2023-12-06', '16:00', '16:45', '147507', '147515', '', '2', '2023-12-07 10:06:34', 'no'),
(938, 10, 1, 8, '2023-12-07', '10:20', '12:35', '157559', '157579', '', '2', '2023-12-08 14:58:50', 'no'),
(939, 10, 1, 2, '2023-12-07', '15:00', '16:00', '157579', '157609', '', '2', '2023-12-08 14:59:36', 'no'),
(940, 15, 21, 14, '2023-12-07', '13:30', '14:33', '89711', '89729', '', '2', '2023-12-08 15:01:59', 'no'),
(941, 12, 30, 8, '2023-12-07', '14:00', '15:35', '127494', '127506', '', '2', '2023-12-08 15:03:28', 'no'),
(942, 9, 1, 1, '2023-12-07', '13:30', '16:09', '155516', '155533', '', '2', '2023-12-08 15:04:27', 'no'),
(943, 15, 3, 2, '2023-12-08', '09:30', '10:07', '89729', '89748', '', '2', '2023-12-08 15:06:23', 'no'),
(944, 12, 10, 14, '2023-12-08', '09:30', '11:40', '127506', '127527', '', '2', '2023-12-08 15:08:39', 'no'),
(945, 9, 17, 8, '2023-12-08', '13:30', '14:45', '155533', '155545', '', '2', '2023-12-08 15:09:48', 'no'),
(946, 39, 40, 9, '2023-12-04', '13:30', '14:00', '290651', '290663', '', '6', '2023-12-12 13:43:02', 'no'),
(947, 37, 12, 13, '2023-12-07', '14:00', '17:00', '70251', '70267', 'ທ້າວ ສົມລັດ', '2', '2023-12-14 15:37:36', 'no'),
(948, 37, 30, 14, '2023-12-08', '14:00', '15:30', '70267', '70290', '', '2', '2023-12-14 15:37:36', 'no'),
(949, 37, 3, 8, '2023-12-11', '09:32', '11:10', '70290', '70310', '', '2', '2023-12-14 15:37:36', 'no'),
(950, 37, 3, 2, '2023-12-12', '12:00', '13:02', '70310', '70323', '', '2', '2023-12-14 15:37:36', 'no'),
(951, 37, 17, 6, '2023-12-13', '10:15', '12:08', '70323', '70337', '', '2', '2023-12-14 15:37:37', 'no'),
(952, 10, 1, 2, '2023-12-08', '15:00', '17:00', '157609', '157675', '', '2', '2023-12-14 16:00:36', 'no'),
(953, 10, 3, 14, '2023-12-11', '09:00', '09:30', '157675', '157682', '', '2', '2023-12-14 16:00:36', 'no'),
(954, 10, 1, 14, '2023-12-11', '10:00', '11:54', '157682', '157694', '', '2', '2023-12-14 16:00:36', 'no'),
(955, 10, 1, 14, '2023-12-11', '13:30', '16:30', '157694', '157720', '', '2', '2023-12-14 16:00:36', 'no'),
(956, 10, 1, 8, '2023-12-12', '09:12', '09:41', '157720', '157730', '', '2', '2023-12-14 16:00:36', 'no'),
(957, 10, 1, 8, '2023-12-12', '13:30', '17:51', '157730', '157754', '', '2', '2023-12-14 16:00:36', 'no'),
(958, 10, 30, 14, '2023-12-13', '09:30', '11:50', '157754', '157777', '', '2', '2023-12-14 16:00:36', 'no'),
(959, 10, 1, 1, '2023-12-13', '13:30', '17:14', '157777', '157816', '', '2', '2023-12-14 16:00:36', 'no'),
(960, 9, 17, 1, '2023-12-11', '10:00', '11:20', '155545', '155557', '', '2', '2023-12-14 16:11:15', 'no'),
(961, 9, 11, 1, '2023-12-11', '13:30', '15:38', '155557', '155576', '', '2', '2023-12-14 16:11:15', 'no'),
(962, 9, 27, 1, '2023-12-12', '15:00', '16:16', '155576', '155663', '', '2', '2023-12-14 16:11:15', 'no'),
(963, 9, 30, 1, '2023-12-13', '09:30', '11:51', '155663', '155715', '', '2', '2023-12-14 16:11:15', 'no'),
(964, 9, 3, 7, '2023-12-13', '13:30', '15:40', '155715', '155738', '', '2', '2023-12-14 16:11:15', 'no'),
(965, 12, 3, 7, '2023-12-11', '11:15', '12:10', '127527', '127539', '', '2', '2023-12-14 16:13:02', 'no'),
(966, 15, 27, 14, '2023-12-12', '13:10', '14:48', '89748', '89765', '', '2', '2023-12-14 16:15:49', 'no'),
(967, 8, 3, 6, '2023-12-07', '00:00', '00:00', '147515', '148564', '', '2', '2023-12-14 16:36:34', 'no'),
(968, 8, 1, 14, '2023-12-13', '13:30', '18:09', '148564', '148646', '', '2', '2023-12-14 16:36:34', 'no'),
(969, 14, 3, 8, '2023-12-13', '11:00', '11:46', '155777', '155799', '', '2', '2023-12-14 16:37:50', 'no'),
(970, 43, 3, 7, '2023-12-08', '13:50', '15:26', '66416', '66436', '', '2', '2023-12-14 16:43:53', 'no'),
(971, 43, 3, 8, '2023-12-11', '13:30', '15:40', '66436', '66457', '', '2', '2023-12-14 16:43:53', 'no'),
(972, 43, 3, 6, '2023-12-12', '13:30', '15:30', '66457', '66478', '', '2', '2023-12-14 16:43:53', 'no'),
(973, 37, 26, 14, '2023-12-14', '09:30', '10:35', '70341', '70366', '', '2', '2023-12-19 16:01:40', 'no'),
(974, 37, 30, 8, '2023-12-15', '13:30', '15:12', '70366', '70385', '', '2', '2023-12-19 16:01:40', 'no'),
(975, 37, 3, 8, '2023-12-18', '09:00', '10:32', '70385', '70422', '', '2', '2023-12-19 16:01:40', 'no'),
(976, 9, 1, 14, '2023-12-14', '14:30', '16:50', '155834', '155871', '', '2', '2023-12-19 16:13:25', 'no'),
(977, 9, 25, 1, '2023-12-14', '09:30', '11:00', '155798', '155834', '', '2', '2023-12-19 16:13:25', 'no'),
(978, 9, 3, 7, '2023-12-14', '08:30', '09:00', '155738', '155798', '', '2', '2023-12-19 16:13:25', 'no'),
(979, 9, 4, 7, '2023-12-15', '07:30', '19:58', '155871', '155976', '', '2', '2023-12-19 16:15:27', 'no'),
(980, 10, 1, 6, '2023-12-14', '13:30', '17:00', '157816', '157844', '', '2', '2023-12-19 16:18:37', 'no'),
(981, 10, 4, 13, '2023-12-15', '07:30', '20:00', '157844', '157947', 'ອ້າຍ ເສີດ', '2', '2023-12-19 16:18:38', 'no'),
(982, 15, 50, 11, '2023-12-14', '10:00', '11:21', '89765', '89768', '', '2', '2023-12-19 16:43:05', 'no'),
(983, 15, 19, 14, '2023-12-15', '13:30', '14:25', '89768', '89786', '', '2', '2023-12-19 16:43:05', 'no'),
(984, 15, 3, 8, '2023-12-15', '16:00', '17:10', '89786', '89826', '', '2', '2023-12-19 16:43:05', 'no'),
(985, 15, 1, 8, '2023-12-18', '14:46', '15:36', '89826', '89838', '', '2', '2023-12-19 16:43:05', 'no'),
(986, 8, 48, 12, '2023-12-14', '10:00', '11:30', '148646', '148654', '', '2', '2023-12-19 16:50:00', 'no'),
(987, 8, 3, 8, '2023-12-14', '14:22', '17:00', '148654', '148683', '', '2', '2023-12-19 16:50:00', 'no'),
(988, 8, 3, 13, '2023-12-15', '10:00', '14:15', '148683', '148721', 'ນາງ ສຸກນະພາ', '2', '2023-12-19 16:50:00', 'no'),
(989, 8, 19, 14, '2023-12-15', '13:30', '17:20', '148721', '148738', '', '2', '2023-12-19 16:50:00', 'no'),
(990, 10, 6, 6, '2023-12-18', '11:30', '14:55', '157947', '157964', '', '2', '2023-12-19 16:51:33', 'no'),
(991, 14, 1, 6, '2023-12-15', '13:45', '17:45', '155805', '155860', '', '2', '2023-12-19 16:55:00', 'no'),
(992, 14, 25, 2, '2023-12-18', '09:00', '11:40', '155860', '155909', '', '2', '2023-12-19 16:55:00', 'no'),
(993, 39, 40, 9, '2023-12-05', '11:00', '11:45', '290663', '290678', '', '6', '2023-12-25 14:46:28', 'yes'),
(994, 39, 40, 13, '2023-05-12', '13:00', '14:30', '290678', '290681', '', '6', '2023-12-25 14:46:28', 'yes');
INSERT INTO `tb_diary_record_car` (`id`, `car_reg_id`, `unit_id`, `driver_id`, `date`, `time_start`, `time_end`, `meter_start`, `meter_end`, `remark`, `user_add`, `date_add`, `isDelete`) VALUES
(995, 39, 40, 9, '2023-05-12', '15:00', '16:03', '290681', '290688', '', '6', '2023-12-25 14:46:28', 'yes'),
(996, 39, 40, 9, '2023-05-12', '09:00', '17:00', '290663', '290688', '', '6', '2023-12-25 14:49:44', 'yes'),
(997, 39, 40, 9, '2023-05-12', '09:00', '17:00', '290663', '290688', '', '6', '2023-12-25 14:50:01', 'yes'),
(998, 39, 40, 9, '2023-05-12', '09:00', '17:00', '290663', '290688', '', '6', '2023-12-25 14:50:49', 'yes'),
(999, 39, 40, 9, '2023-05-12', '09:00', '17:00', '290663', '290688', '', '6', '2023-12-25 14:51:03', 'yes'),
(1000, 39, 40, 9, '2023-05-12', '09:00', '17:00', '290663', '290688', '', '6', '2023-12-25 14:51:59', 'yes'),
(1001, 39, 40, 9, '2023-12-05', '09:00', '17:00', '290663', '290688', '', '6', '2023-12-25 15:05:33', 'no'),
(1002, 39, 40, 9, '2023-12-06', '09:00', '11:23', '290688', '290701', '', '6', '2023-12-25 15:12:38', 'no'),
(1003, 39, 40, 9, '2023-12-07', '09:00', '04:00', '290701', '290811', '', '6', '2023-12-25 15:12:38', 'no'),
(1004, 39, 40, 9, '2023-12-08', '09:30', '14:30', '290811', '290845', '', '6', '2023-12-25 15:29:38', 'no'),
(1005, 39, 40, 9, '2023-12-11', '10:30', '15:30', '290845', '290866', '', '6', '2023-12-25 15:29:38', 'no'),
(1006, 39, 40, 9, '2023-12-12', '09:00', '11:00', '290866', '290901', '', '6', '2023-12-25 15:29:38', 'no'),
(1007, 39, 40, 9, '2023-12-13', '10:00', '17:00', '290901', '290926', '', '6', '2023-12-25 15:29:38', 'no'),
(1008, 39, 40, 9, '2023-12-14', '10:00', '15:00', '290926', '290944', '', '6', '2023-12-25 15:29:38', 'no'),
(1009, 39, 40, 9, '2023-12-15', '10:00', '17:00', '290944', '290984', '', '6', '2023-12-25 15:29:38', 'no'),
(1010, 39, 40, 9, '2023-12-16', '14:50', '03:50', '290984', '290995', '', '6', '2023-12-25 15:29:38', 'no'),
(1011, 8, 48, 12, '2023-12-18', '00:00', '00:00', '148738', '148748', '', '2', '2023-12-25 16:35:12', 'no'),
(1012, 8, 48, 12, '2023-12-18', '00:00', '00:00', '148748', '148791', '', '2', '2023-12-25 16:35:12', 'no'),
(1013, 8, 11, 2, '2023-12-19', '08:30', '10:30', '148791', '148824', '', '2', '2023-12-25 16:38:09', 'no'),
(1014, 8, 11, 2, '2023-12-19', '13:00', '16:00', '148824', '148858', '', '2', '2023-12-25 16:38:09', 'no'),
(1015, 9, 17, 2, '2023-12-18', '13:00', '15:44', '155976', '155992', '', '2', '2023-12-25 16:46:48', 'no'),
(1016, 9, 17, 6, '2023-12-19', '10:20', '10:50', '155992', '156003', '', '2', '2023-12-25 16:46:48', 'no'),
(1017, 9, 15, 1, '2023-12-19', '14:00', '16:10', '156003', '156081', '', '2', '2023-12-25 16:46:48', 'no'),
(1018, 9, 15, 6, '2023-12-20', '10:00', '10:50', '156081', '156104', '', '2', '2023-12-25 16:46:48', 'no'),
(1019, 9, 17, 1, '2023-12-20', '13:00', '16:50', '156104', '156121', '', '2', '2023-12-25 16:46:48', 'no'),
(1020, 9, 1, 6, '2023-12-21', '10:00', '11:45', '156121', '156146', '', '2', '2023-12-25 16:46:48', 'no'),
(1021, 9, 1, 1, '2023-12-21', '13:30', '15:00', '156146', '156173', '', '2', '2023-12-25 16:46:48', 'no'),
(1022, 9, 3, 1, '2023-12-22', '17:00', '19:55', '156173', '156197', '', '2', '2023-12-25 16:46:48', 'no'),
(1023, 10, 3, 14, '2023-12-19', '14:30', '16:40', '157964', '157974', '', '2', '2023-12-25 16:54:26', 'no'),
(1024, 10, 3, 14, '2023-12-20', '09:30', '12:20', '157974', '157987', '', '2', '2023-12-25 16:54:26', 'no'),
(1025, 10, 6, 8, '2023-12-21', '09:30', '11:18', '157987', '158007', '', '2', '2023-12-25 16:54:26', 'no'),
(1026, 10, 30, 2, '2023-12-21', '14:00', '16:39', '158007', '158056', '', '2', '2023-12-25 16:54:26', 'no'),
(1027, 14, 17, 6, '2023-12-19', '13:30', '17:30', '155909', '155923', '', '2', '2023-12-25 17:01:43', 'no'),
(1028, 14, 17, 14, '2023-12-21', '13:00', '17:40', '155923', '155936', '', '2', '2023-12-25 17:01:43', 'no'),
(1029, 14, 27, 14, '2023-12-22', '09:30', '11:10', '155936', '155951', '', '2', '2023-12-25 17:01:43', 'no'),
(1030, 12, 26, 2, '2023-12-20', '14:00', '16:00', '127582', '127604', '', '2', '2023-12-25 17:16:17', 'no'),
(1031, 12, 3, 14, '2023-12-20', '16:00', '17:09', '127604', '127624', '', '2', '2023-12-25 17:16:17', 'no'),
(1032, 12, 3, 7, '2023-12-21', '13:30', '15:58', '127624', '127657', '', '2', '2023-12-25 17:16:17', 'no'),
(1033, 12, 21, 8, '2023-12-22', '09:50', '11:11', '127657', '127664', '', '2', '2023-12-25 17:18:04', 'no'),
(1034, 15, 1, 1, '2023-12-20', '09:30', '09:49', '89838', '89853', '', '2', '2023-12-27 10:54:19', 'no'),
(1035, 15, 1, 6, '2023-12-20', '13:30', '17:27', '89853', '89892', '', '2', '2023-12-27 10:54:19', 'no'),
(1036, 15, 48, 13, '2023-12-21', '09:00', '10:50', '89892', '89909', 'ນາງ ມີນາ', '2', '2023-12-27 10:54:19', 'no'),
(1037, 15, 21, 6, '2023-12-22', '10:00', '11:05', '89909', '89915', '', '2', '2023-12-27 10:54:19', 'no'),
(1038, 15, 23, 14, '2023-12-22', '14:00', '15:30', '89915', '89918', '', '2', '2023-12-27 10:54:19', 'no'),
(1039, 15, 1, 6, '2023-12-22', '16:00', '17:45', '89918', '89941', '', '2', '2023-12-27 10:54:19', 'no'),
(1040, 10, 19, 2, '2023-12-22', '09:00', '11:50', '158056', '158094', '', '2', '2023-12-27 11:02:26', 'no'),
(1041, 37, 12, 12, '2023-12-18', '14:00', '17:00', '70422', '70435', 'ທ້າວ ສົມລັດ', '2', '2023-12-27 11:20:32', 'no'),
(1042, 37, 1, 12, '2023-12-19', '00:00', '00:00', '70435', '70484', '', '2', '2023-12-27 11:20:32', 'no'),
(1043, 37, 12, 12, '2023-12-20', '13:30', '15:00', '70484', '70495', 'ທ້າວ ສົມລັດ', '2', '2023-12-27 11:20:32', 'no'),
(1044, 37, 3, 2, '2023-12-21', '09:00', '10:00', '70495', '70505', '', '2', '2023-12-27 11:20:32', 'no'),
(1045, 37, 3, 6, '2023-12-22', '13:30', '14:30', '70505', '70524', '', '2', '2023-12-27 11:20:32', 'no'),
(1046, 37, 1, 8, '2023-12-22', '15:18', '18:00', '70524', '70550', '', '2', '2023-12-27 11:20:32', 'no'),
(1047, 15, 1, 14, '2023-12-25', '09:00', '09:30', '89941', '89945', '', '2', '2024-01-02 14:54:39', 'no'),
(1048, 15, 48, 12, '2023-12-25', '13:30', '16:45', '89945', '89975', 'ນາງຢຸ້ຍ', '2', '2024-01-02 14:54:39', 'no'),
(1049, 15, 3, 8, '2023-12-26', '08:42', '10:42', '89975', '89989', '', '2', '2024-01-02 14:54:39', 'no'),
(1050, 15, 3, 2, '2023-12-26', '14:00', '00:00', '89989', '90018', '', '2', '2024-01-02 14:54:39', 'no'),
(1051, 15, 11, 1, '2023-12-27', '17:00', '17:22', '90018', '90029', '', '2', '2024-01-02 14:54:39', 'no'),
(1052, 37, 3, 14, '2023-12-25', '13:00', '15:38', '70550', '70579', '', '2', '2024-01-04 08:44:37', 'no'),
(1053, 37, 17, 14, '2023-12-25', '15:40', '17:05', '70579', '70590', '', '2', '2024-01-04 08:44:37', 'no'),
(1054, 37, 19, 1, '2023-12-26', '13:30', '16:00', '70590', '70625', '', '2', '2024-01-04 08:44:37', 'no'),
(1055, 9, 25, 2, '2023-12-25', '13:30', '16:00', '156197', '156264', '', '2', '2024-01-04 08:50:56', 'no'),
(1056, 9, 3, 8, '2023-12-26', '13:45', '16:00', '156264', '156278', '', '2', '2024-01-04 08:50:56', 'no'),
(1057, 9, 3, 2, '2023-12-27', '09:00', '12:00', '156278', '156333', '', '2', '2024-01-04 08:50:56', 'no'),
(1058, 9, 3, 7, '2023-12-27', '13:30', '16:51', '156333', '156358', '', '2', '2024-01-04 08:50:56', 'no'),
(1059, 9, 1, 1, '2024-01-04', '00:00', '00:00', '156358', '156359', '', '2', '2024-01-04 08:50:56', 'yes'),
(1060, 8, 3, 6, '2023-12-25', '15:00', '16:30', '148998', '149023', '', '2', '2024-01-04 09:53:09', 'no'),
(1061, 8, 3, 6, '2023-12-25', '17:00', '17:35', '149023', '149031', '', '2', '2024-01-04 09:53:09', 'no'),
(1062, 8, 30, 14, '2023-12-26', '14:00', '16:30', '149031', '149041', '', '2', '2024-01-04 09:53:09', 'no'),
(1063, 8, 30, 2, '2023-12-27', '13:00', '14:00', '149041', '149048', '', '2', '2024-01-04 09:53:09', 'no'),
(1064, 8, 6, 8, '2023-12-27', '14:44', '16:10', '149048', '149073', '', '2', '2024-01-04 09:53:09', 'no'),
(1065, 8, 11, 2, '2023-12-27', '17:00', '17:21', '149073', '149085', '', '2', '2024-01-04 09:53:09', 'no'),
(1066, 8, 1, 12, '2023-12-28', '13:25', '16:28', '149112', '149143', 'ນາງ ສຸກນະພາ', '2', '2024-01-04 09:53:09', 'no'),
(1067, 8, 3, 8, '2023-12-28', '16:38', '17:57', '149143', '149155', '', '2', '2024-01-04 09:53:09', 'no'),
(1068, 8, 17, 14, '2023-12-29', '09:00', '09:30', '149155', '149163', '', '2', '2024-01-04 09:53:09', 'no'),
(1069, 8, 23, 2, '2023-12-29', '14:00', '15:30', '149163', '149192', '', '2', '2024-01-04 09:53:09', 'no'),
(1070, 8, 1, 2, '2023-12-29', '15:40', '18:01', '149192', '149214', '', '2', '2024-01-04 09:53:09', 'no'),
(1071, 8, 1, 2, '2023-12-28', '08:55', '11:07', '149085', '149112', '', '2', '2024-01-04 09:55:29', 'no'),
(1072, 10, 1, 1, '2023-12-25', '09:30', '12:18', '158094', '158128', '', '2', '2024-01-04 10:07:50', 'no'),
(1073, 10, 1, 8, '2023-12-25', '13:32', '17:10', '158128', '158159', '', '2', '2024-01-04 10:07:50', 'no'),
(1074, 10, 30, 2, '2023-12-26', '10:00', '11:00', '158159', '158164', '', '2', '2024-01-04 10:07:50', 'no'),
(1075, 10, 1, 6, '2023-12-26', '13:30', '14:30', '158164', '158169', '', '2', '2024-01-04 10:07:50', 'no'),
(1076, 10, 1, 1, '2023-12-27', '09:45', '12:11', '158169', '158205', '', '2', '2024-01-04 10:07:50', 'no'),
(1077, 10, 1, 6, '2023-12-27', '13:30', '17:50', '158205', '158228', '', '2', '2024-01-04 10:07:50', 'no'),
(1078, 10, 3, 7, '2023-12-28', '09:02', '10:42', '158228', '158237', '', '2', '2024-01-04 10:07:50', 'no'),
(1079, 10, 30, 1, '2023-12-28', '13:00', '17:00', '158237', '158278', '', '2', '2024-01-04 10:07:50', 'no'),
(1080, 37, 13, 6, '2023-12-27', '08:50', '09:50', '70625', '70639', '', '2', '2024-01-04 10:24:06', 'no'),
(1081, 37, 3, 6, '2023-12-27', '10:00', '11:40', '70639', '70652', '', '2', '2024-01-04 10:24:06', 'no'),
(1082, 37, 12, 11, '2023-12-27', '14:00', '17:40', '70652', '70668', 'ທ້າວ ສົມລັດ', '2', '2024-01-04 10:24:06', 'no'),
(1083, 37, 28, 14, '2023-12-28', '14:00', '14:40', '70668', '70689', '', '2', '2024-01-04 10:24:06', 'no'),
(1084, 37, 3, 13, '2023-12-29', '09:49', '11:37', '70689', '70724', 'ນາງເພັດໄພລິນ', '2', '2024-01-04 10:24:06', 'no'),
(1085, 37, 3, 13, '2023-12-29', '13:29', '16:00', '70724', '70734', 'ນາງເພັດໄພລິນ', '2', '2024-01-04 10:24:06', 'no'),
(1086, 9, 17, 1, '2023-12-28', '09:00', '11:00', '156358', '156371', '', '2', '2024-01-04 10:31:01', 'no'),
(1087, 9, 1, 2, '2023-12-28', '13:30', '16:00', '156371', '156419', '', '2', '2024-01-04 10:31:01', 'no'),
(1088, 9, 30, 2, '2023-12-29', '09:30', '13:20', '156419', '156436', '', '2', '2024-01-04 10:31:01', 'no'),
(1089, 9, 3, 14, '2023-12-29', '13:30', '16:20', '156436', '156449', '', '2', '2024-01-04 10:32:23', 'no'),
(1090, 15, 11, 14, '2023-12-28', '09:30', '11:36', '90029', '90063', '', '2', '2024-01-04 10:34:18', 'no'),
(1091, 12, 11, 14, '2023-12-28', '16:30', '17:50', '127664', '127680', '', '2', '2024-01-04 10:37:31', 'no'),
(1092, 14, 49, 5, '2023-12-25', '15:00', '18:00', '155980', '156025', '', '2', '2024-01-04 10:45:01', 'no'),
(1093, 14, 17, 14, '2023-12-27', '10:00', '12:00', '156025', '156042', '', '2', '2024-01-04 10:45:01', 'no'),
(1094, 14, 3, 14, '2023-12-27', '13:00', '16:45', '156042', '156081', '', '2', '2024-01-04 10:45:01', 'no'),
(1095, 14, 1, 1, '2023-12-29', '13:17', '15:21', '156051', '156129', '', '2', '2024-01-04 10:45:01', 'no'),
(1096, 14, 1, 1, '2023-12-29', '16:30', '17:45', '156129', '156145', '', '2', '2024-01-04 10:45:01', 'no'),
(1097, 14, 48, 5, '2023-12-22', '14:00', '17:10', '155951', '155980', '', '2', '2024-01-04 10:54:56', 'no'),
(1098, 10, 3, 7, '2024-01-02', '09:00', '11:30', '158316', '158343', '', '2', '2024-01-11 16:07:08', 'no'),
(1099, 10, 27, 6, '2024-01-02', '13:00', '14:30', '158343', '158360', '', '2', '2024-01-11 16:07:08', 'no'),
(1100, 10, 30, 6, '2024-01-02', '14:30', '15:40', '158360', '158368', '', '2', '2024-01-11 16:07:08', 'no'),
(1101, 10, 30, 8, '2024-01-03', '09:00', '10:00', '158368', '158379', '', '2', '2024-01-11 16:07:08', 'no'),
(1102, 10, 30, 1, '2024-01-03', '11:00', '11:40', '158379', '158400', '', '2', '2024-01-11 16:07:08', 'no'),
(1103, 10, 30, 1, '2024-01-03', '13:00', '15:00', '158400', '158411', '', '2', '2024-01-11 16:07:08', 'no'),
(1104, 10, 30, 1, '2024-01-03', '15:30', '16:46', '158411', '158414', '', '2', '2024-01-11 16:07:08', 'no'),
(1105, 10, 1, 14, '2024-01-04', '13:30', '15:15', '158414', '158433', '', '2', '2024-01-11 16:07:08', 'no'),
(1106, 10, 3, 6, '2024-01-05', '15:00', '16:30', '158433', '158446', '', '2', '2024-01-11 16:07:08', 'no'),
(1107, 10, 30, 14, '2024-01-08', '10:00', '11:48', '158446', '158464', '', '2', '2024-01-11 16:07:08', 'no'),
(1108, 10, 30, 8, '2024-01-09', '13:30', '15:02', '158509', '158523', '', '2', '2024-01-11 16:07:08', 'no'),
(1109, 10, 49, 5, '2024-01-09', '15:00', '16:00', '158523', '158544', '', '2', '2024-01-11 16:07:08', 'no'),
(1110, 14, 1, 1, '2024-01-02', '09:00', '11:30', '156191', '156229', '', '2', '2024-01-11 16:14:42', 'no'),
(1111, 14, 49, 5, '2024-01-02', '13:00', '15:00', '156229', '156253', '', '2', '2024-01-11 16:14:42', 'no'),
(1112, 14, 49, 5, '2024-01-03', '13:00', '15:00', '156253', '156278', '', '2', '2024-01-11 16:14:42', 'no'),
(1113, 14, 49, 5, '2024-01-05', '13:00', '16:55', '156278', '156307', '', '2', '2024-01-11 16:14:42', 'no'),
(1114, 14, 1, 2, '2024-01-09', '13:00', '15:18', '156340', '156378', '', '2', '2024-01-11 16:14:42', 'no'),
(1115, 14, 3, 2, '2024-01-09', '13:30', '11:41', '156307', '156340', '', '2', '2024-01-11 16:17:50', 'no'),
(1116, 12, 11, 14, '2024-01-02', '09:00', '12:15', '127680', '127694', '', '2', '2024-01-11 16:30:00', 'no'),
(1117, 12, 3, 2, '2024-01-02', '16:00', '17:54', '127694', '127730', '', '2', '2024-01-11 16:30:00', 'no'),
(1118, 12, 3, 2, '2024-01-03', '08:30', '09:20', '127730', '127745', '', '2', '2024-01-11 16:30:00', 'no'),
(1119, 12, 3, 2, '2024-01-03', '18:00', '18:32', '127803', '127817', '', '2', '2024-01-11 16:30:00', 'no'),
(1120, 12, 3, 2, '2024-01-04', '13:00', '15:17', '127817', '127882', '', '2', '2024-01-11 16:30:00', 'no'),
(1121, 12, 3, 6, '2024-01-09', '13:25', '15:50', '127882', '127888', '', '2', '2024-01-11 16:30:00', 'no'),
(1122, 9, 1, 1, '2024-01-02', '13:30', '15:00', '156449', '156470', '', '2', '2024-01-11 16:56:34', 'no'),
(1123, 9, 3, 1, '2024-01-02', '15:30', '17:00', '156470', '156493', '', '2', '2024-01-11 16:56:34', 'no'),
(1124, 9, 1, 8, '2024-01-03', '13:10', '16:30', '156493', '156520', '', '2', '2024-01-11 16:56:34', 'no'),
(1125, 9, 6, 6, '2024-01-04', '14:00', '15:05', '156520', '156533', '', '2', '2024-01-11 16:56:34', 'no'),
(1126, 9, 19, 14, '2024-01-05', '13:30', '15:01', '156533', '156556', '', '2', '2024-01-11 16:56:34', 'no'),
(1127, 9, 30, 6, '2024-01-08', '09:15', '11:00', '156556', '156570', '', '2', '2024-01-11 16:56:34', 'no'),
(1128, 9, 30, 2, '2024-01-08', '13:30', '15:50', '156570', '156579', '', '2', '2024-01-11 16:56:34', 'no'),
(1129, 9, 11, 14, '2024-01-09', '09:30', '10:59', '156579', '156590', '', '2', '2024-01-11 16:56:34', 'no'),
(1130, 9, 1, 1, '2024-01-09', '13:30', '16:30', '156590', '156618', '', '2', '2024-01-11 16:56:34', 'no'),
(1131, 37, 19, 14, '2024-01-02', '13:30', '15:45', '70734', '70755', '', '2', '2024-01-11 17:07:32', 'no'),
(1132, 37, 3, 8, '2024-01-05', '10:30', '11:23', '70784', '70805', '', '2', '2024-01-11 17:07:32', 'no'),
(1133, 37, 11, 2, '2024-01-05', '14:00', '16:00', '70805', '70832', '', '2', '2024-01-11 17:07:32', 'no');

-- --------------------------------------------------------

--
-- Table structure for table `tb_driver`
--

CREATE TABLE `tb_driver` (
  `id` int(11) NOT NULL,
  `name` varchar(50) NOT NULL,
  `surname` varchar(50) DEFAULT NULL,
  `nickname` varchar(50) DEFAULT NULL,
  `date_add` datetime DEFAULT CURRENT_TIMESTAMP,
  `bu_id` int(11) NOT NULL
) ENGINE=InnoDB DEFAULT CHARSET=utf8;

--
-- Dumping data for table `tb_driver`
--

INSERT INTO `tb_driver` (`id`, `name`, `surname`, `nickname`, `date_add`, `bu_id`) VALUES
(1, ' ຄໍາຫລ້າ', 'ບຸນຈັນທະລາດ', 'ຄໍາຫລ້າ', '2023-06-09 15:30:08', 1),
(2, 'ພູທອງ', 'ອຸ່ນລາສີ', 'ພູທອງ', '2023-06-09 15:30:08', 1),
(4, 'ແກ້ວມະນີ', 'ຈັນທະປັນຍາ', 'ແກ້ວ', '2023-06-14 10:44:45', 1),
(5, 'ເພັງ', 'ຈິດຕະພົງ', 'ເພັງ', '2023-06-14 10:44:59', 8),
(6, 'ສີວອນ', 'ມານາຈັກ', 'ວອນ', '2023-06-14 10:45:17', 1),
(7, 'ທອງຈັນ ', 'ອຸທະລັງສີ', 'ຈັນ ', '2023-06-14 10:45:47', 1),
(8, 'ເມກ ', 'ບານລໍວຽງໄຊ', 'ເມກ ', '2023-06-14 10:46:01', 1),
(9, 'ທັນໃຈ', 'ຮັງພອນສະຫວັນ', 'ໃຈ', '2023-09-08 10:59:48', 6),
(10, 'ວຽງແກ້ວ', 'ຈັນແກ້ວວິໄລ', 'ແກ້ວ', '2023-09-08 11:01:47', 5),
(11, 'ຂັບເອງ', 'ຂັບເອງ', 'ຂັບເອງ', '2023-09-08 11:02:07', 1),
(12, 'ຂັບເອງ', 'ຂັບເອງ', 'ຂັບເອງ', '2023-09-08 11:02:28', 5),
(13, 'ຂັບເອງ', 'ຂັບເອງ', 'ຂັບເອງ', '2023-09-08 11:02:41', 6),
(14, 'ທ້າວ ມຸກສະໄຫມ', 'ລໍວັນຄຳ', 'ມຸກ', '2023-10-03 11:27:05', 1);

-- --------------------------------------------------------

--
-- Table structure for table `tb_employee`
--

CREATE TABLE `tb_employee` (
  `empId` int(11) NOT NULL,
  `firstName` varchar(100) COLLATE utf8_unicode_ci DEFAULT NULL,
  `lastName` varchar(100) COLLATE utf8_unicode_ci DEFAULT NULL,
  `user_add` int(11) DEFAULT NULL,
  `date_add` timestamp NULL DEFAULT CURRENT_TIMESTAMP ON UPDATE CURRENT_TIMESTAMP
) ENGINE=InnoDB DEFAULT CHARSET=utf8 COLLATE=utf8_unicode_ci;

--
-- Dumping data for table `tb_employee`
--

INSERT INTO `tb_employee` (`empId`, `firstName`, `lastName`, `user_add`, `date_add`) VALUES
(2, 'admin', 'admin', 1, '2023-06-28 03:33:48'),
(3, 'souknapha', 'bounthipunyo', 1, '2023-07-10 02:44:35'),
(4, 'thipphakone', 'phommasy', 1, '2023-07-10 02:44:35'),
(5, 'sengphone', ' ', 1, '2023-09-07 08:22:07'),
(6, 'iteccsavanh', '', 1, '2023-09-21 06:48:22'),
(7, 'littavanh', 'phanalasy', 1, '2023-10-06 02:46:54');

-- --------------------------------------------------------

--
-- Table structure for table `tb_feecard`
--

CREATE TABLE `tb_feecard` (
  `id` int(11) NOT NULL,
  `fee_month` int(11) NOT NULL,
  `fee_year` int(11) NOT NULL,
  `bu_id` int(11) NOT NULL,
  `fee_amount` int(11) NOT NULL,
  `tax` int(11) NOT NULL,
  `status_id` int(11) NOT NULL,
  `date_add` datetime NOT NULL DEFAULT CURRENT_TIMESTAMP,
  `card_no` int(11) NOT NULL,
  `adjust` int(11) NOT NULL
) ENGINE=InnoDB DEFAULT CHARSET=utf8;

--
-- Dumping data for table `tb_feecard`
--

INSERT INTO `tb_feecard` (`id`, `fee_month`, `fee_year`, `bu_id`, `fee_amount`, `tax`, `status_id`, `date_add`, `card_no`, `adjust`) VALUES
(1, 1, 2023, 6, 2000000, 15000, 0, '2023-09-08 14:41:56', 0, 0),
(2, 9, 2023, 1, 129600, 11340, 1, '2023-10-04 16:53:45', 0, 0),
(3, 9, 2023, 8, 10800, 0, 1, '2023-10-04 16:54:01', 0, 0),
(4, 9, 2023, 5, 21600, 0, 1, '2023-10-04 16:54:17', 0, 0),
(5, 10, 2023, 8, 11466, 0, 1, '2023-11-01 14:02:28', 0, 0),
(6, 10, 2023, 5, 22932, 0, 1, '2023-11-01 14:02:52', 0, 0),
(7, 10, 2023, 1, 137592, 0, 0, '2023-11-01 14:03:27', 0, 0),
(8, 10, 2023, 0, 137602, 12040, 1, '2023-11-01 14:04:26', 0, 0),
(9, 10, 2023, 1, 137602, 12040, 1, '2023-11-01 14:12:05', 0, 0),
(10, 9, 2023, 6, 22, 1, 0, '2023-11-07 15:26:49', 7770, 0),
(11, 10, 2023, 6, 22, 1, 0, '2023-11-07 15:27:26', 0, 0),
(12, 10, 2023, 6, 22, 1, 1, '2023-11-07 15:28:06', 0, 0),
(13, 11, 2023, 1, 139750, 12040, 1, '2023-12-01 10:32:42', 0, 505100),
(14, 11, 2023, 5, 21500, 0, 1, '2023-12-01 10:32:58', 0, 0),
(15, 11, 2023, 8, 10750, 0, 1, '2023-12-01 10:33:09', 0, 0),
(16, 11, 2023, 6, 22000, 1540, 1, '2023-12-05 12:07:24', 0, 0),
(17, 12, 2023, 6, 22000, 1, 0, '2023-12-12 14:00:48', 7770, 0),
(18, 12, 2023, 1, 139750, 12040, 1, '2024-01-02 15:49:50', 0, 0),
(19, 1, 2023, 5, 21500, 0, 0, '2024-01-02 15:50:09', 0, 0),
(20, 12, 2023, 5, 21500, 0, 1, '2024-01-02 15:50:40', 0, 0),
(21, 12, 2023, 8, 10750, 0, 1, '2024-01-02 15:51:06', 0, 0);

-- --------------------------------------------------------

--
-- Table structure for table `tb_gasprice`
--

CREATE TABLE `tb_gasprice` (
  `id` int(11) NOT NULL,
  `car_id` int(11) NOT NULL,
  `gas_price_month` int(11) NOT NULL,
  `gas_price_year` int(11) NOT NULL,
  `gas_price` int(11) NOT NULL,
  `amount` int(11) DEFAULT NULL,
  `status_id` int(11) NOT NULL,
  `date_add` datetime NOT NULL DEFAULT CURRENT_TIMESTAMP
) ENGINE=InnoDB DEFAULT CHARSET=utf8;

--
-- Dumping data for table `tb_gasprice`
--

INSERT INTO `tb_gasprice` (`id`, `car_id`, `gas_price_month`, `gas_price_year`, `gas_price`, `amount`, `status_id`, `date_add`) VALUES
(4, 7, 8, 2023, 21000, 12, 1, '2023-08-30 12:06:06'),
(5, 7, 8, 2023, 20000, 50, 0, '2023-09-04 11:34:04');

-- --------------------------------------------------------

--
-- Table structure for table `tb_modelcar`
--

CREATE TABLE `tb_modelcar` (
  `id` int(11) NOT NULL,
  `model` varchar(50) NOT NULL
) ENGINE=InnoDB DEFAULT CHARSET=utf8;

--
-- Dumping data for table `tb_modelcar`
--

INSERT INTO `tb_modelcar` (`id`, `model`) VALUES
(1, 'VIGO'),
(2, 'SONATA'),
(3, 'D-MAX'),
(4, 'I10'),
(5, 'BAJAJ QUTE'),
(6, 'TQ'),
(7, 'WAVE 100');

-- --------------------------------------------------------

--
-- Table structure for table `tb_month`
--

CREATE TABLE `tb_month` (
  `month` int(2) NOT NULL
) ENGINE=InnoDB DEFAULT CHARSET=utf8;

--
-- Dumping data for table `tb_month`
--

INSERT INTO `tb_month` (`month`) VALUES
(1),
(2),
(3),
(4),
(5),
(6),
(7),
(8),
(9),
(10),
(11),
(12);

-- --------------------------------------------------------

--
-- Table structure for table `tb_move_car`
--

CREATE TABLE `tb_move_car` (
  `id` int(11) NOT NULL,
  `car_id` int(11) NOT NULL,
  `fromBu` int(11) NOT NULL,
  `toBu` int(11) NOT NULL,
  `fromDate` date NOT NULL,
  `toDate` date NOT NULL,
  `dateAdd` datetime NOT NULL DEFAULT CURRENT_TIMESTAMP
) ENGINE=InnoDB DEFAULT CHARSET=utf8;

-- --------------------------------------------------------

--
-- Table structure for table `tb_repair`
--

CREATE TABLE `tb_repair` (
  `id` int(11) NOT NULL,
  `rp_id` varchar(11) NOT NULL,
  `car_id` int(11) NOT NULL,
  `color` varchar(50) DEFAULT NULL,
  `machineNo` varchar(50) DEFAULT NULL,
  `machineNo1` varchar(50) DEFAULT NULL,
  `company` varchar(50) DEFAULT NULL,
  `total` int(11) NOT NULL,
  `date_add` date DEFAULT NULL,
  `user_add` int(11) DEFAULT NULL,
  `status` varchar(50) NOT NULL DEFAULT 'in repair'
) ENGINE=InnoDB DEFAULT CHARSET=utf8;

--
-- Dumping data for table `tb_repair`
--

INSERT INTO `tb_repair` (`id`, `rp_id`, `car_id`, `color`, `machineNo`, `machineNo1`, `company`, `total`, `date_add`, `user_add`, `status`) VALUES
(1, 'repair-001', 10, '', '', '', 'ຫ້ອງການໃຫຍ່', 234000, '2023-10-09', 2, 'Done'),
(2, '016.23', 38, 'ສີເທົາ', 'G4FC9U766735', 'KMHDU41BBAU922366', 'ໄອເຕັກສະຫວັນ', 15430000, '2023-11-08', 6, 'in repair'),
(3, '015,23', 62, '', '', '', 'ໄອເຕັກສະຫວັນ', 21179000, '2023-11-08', 6, 'Done'),
(7, '015,23', 62, '', '', '', 'ໄອເຕັກສະຫວັນ', 21179000, '2023-11-24', 6, 'in repair');

-- --------------------------------------------------------

--
-- Table structure for table `tb_repair_detail`
--

CREATE TABLE `tb_repair_detail` (
  `id` int(11) NOT NULL,
  `rp_id` varchar(11) NOT NULL,
  `date` date NOT NULL,
  `list_repair` varchar(50) NOT NULL,
  `qty` int(11) NOT NULL,
  `price` int(11) NOT NULL,
  `unit` varchar(50) NOT NULL,
  `total` int(11) NOT NULL,
  `store` varchar(50) NOT NULL,
  `address` varchar(50) NOT NULL,
  `tel` varchar(50) NOT NULL,
  `driver` varchar(50) NOT NULL,
  `guarantee` date NOT NULL,
  `remark` varchar(50) NOT NULL,
  `user_add` int(11) NOT NULL,
  `date_add` date NOT NULL
) ENGINE=InnoDB DEFAULT CHARSET=utf8;

--
-- Dumping data for table `tb_repair_detail`
--

INSERT INTO `tb_repair_detail` (`id`, `rp_id`, `date`, `list_repair`, `qty`, `price`, `unit`, `total`, `store`, `address`, `tel`, `driver`, `guarantee`, `remark`, `user_add`, `date_add`) VALUES
(1, 'repair-001', '2023-10-09', 'ແປງກົງ', 4, 21000, 'ລໍ້', 84000, 'testShop', 'testaddress', '02077889900', 'ແກ້ວມະນີ ຈັນທະປັນຍາ', '2023-10-28', 're', 2, '2023-10-09'),
(2, 'repair-001', '2023-10-09', 'ຢາງຕີນລົດ', 6, 25000, 'ລໍ້', 150000, 'testShop', 'testaddress', '02077889900', 'ແກ້ວມະນີ ຈັນທະປັນຍາ', '2023-10-28', 're', 2, '2023-10-09'),
(3, '016.23', '2022-09-14', 'ປ່ຽນຄັອມແອ ແລະ ໃດເອີ', 2, 2900000, 'ຊຸດ', 5800000, 'ບຸນທະວີ ສ້ອມແປງລົດໃຫຍ່ຄົບວົງຈອນ', 'ທ່າແຮ່', '02055640271', 'ທັນໃຈ ຮັງພອນສະຫວັນ', '2024-01-02', '', 6, '2023-11-08'),
(4, '016.23', '2022-09-14', 'ຄ່າແຮງງານ', 1, 1000000, 'ຄັ້ງ', 1000000, 'ບຸນທະວີ ສ້ອມແປງລົດໃຫຍ່ຄົບວົງຈອນ', 'ທ່າແຮ່', '02055640271', 'ທັນໃຈ ຮັງພອນສະຫວັນ', '2024-01-02', '', 6, '2023-11-08'),
(5, '016.23', '2022-09-14', 'ປ່ຽນສະວິດຍັກແວ່ນຂ້າງ', 1, 500000, 'ອັນ', 500000, 'ບຸນທະວີ ສ້ອມແປງລົດໃຫຍ່ຄົບວົງຈອນ', 'ທ່າແຮ່', '02055640271', 'ທັນໃຈ ຮັງພອນສະຫວັນ', '2024-01-02', '', 6, '2023-11-08'),
(6, '016.23', '2022-09-14', 'ປ່ຽນສົກໜ້າຊ້າຍ-ຂວາ', 2, 2250000, 'ອັນ', 4500000, 'ບຸນທະວີ ສ້ອມແປງລົດໃຫຍ່ຄົບວົງຈອນ', 'ທ່າແຮ່', '02055640271', 'ທັນໃຈ ຮັງພອນສະຫວັນ', '2024-01-02', '', 6, '2023-11-08'),
(7, '016.23', '2022-09-14', 'ປ່ຽນຊ່ອງຝາວາວ', 1, 600000, 'ຊຸດ', 600000, 'ບຸນທະວີ ສ້ອມແປງລົດໃຫຍ່ຄົບວົງຈອນ', 'ທ່າແຮ່', '02055640271', 'ທັນໃຈ ຮັງພອນສະຫວັນ', '2024-01-02', '', 6, '2023-11-08'),
(8, '016.23', '2022-09-14', 'ປ່ຽນກຽວນ໋ອດລໍ້ໜ້າ', 5, 70000, 'ໂຕ', 350000, 'ບຸນທະວີ ສ້ອມແປງລົດໃຫຍ່ຄົບວົງຈອນ', 'ທ່າແຮ່', '02055640271', 'ທັນໃຈ ຮັງພອນສະຫວັນ', '2024-01-02', '', 6, '2023-11-08'),
(9, '016.23', '2022-09-14', 'ເຮັດສີລົດ(ສະເພາະບາງຈຸດລວມ5ຈຸດ)', 5, 536000, 'ຈຸດ', 2680000, 'ບຸນທະວີ ສ້ອມແປງລົດໃຫຍ່ຄົບວົງຈອນ', 'ທ່າແຮ່', '02055640271', 'ທັນໃຈ ຮັງພອນສະຫວັນ', '2024-01-02', '', 6, '2023-11-08'),
(10, '015,23', '2023-09-13', 'ຄ່າແຮງງານ', 1, 1000000, 'ຄັ້ງ', 1000000, 'ບໍລິສັດເຄພີ ນິສເຊອິ', 'ບ້ານ ຫົວເມືອງເໜືອ', '041-260-298', 'ທັນໃຈ ຮັງພອນສະຫວັນ', '2024-02-01', '', 6, '2023-11-24'),
(11, '015,23', '2023-09-13', 'ນຳ້ມັນເຄື່ອງ', 2, 112000, 'ລິດ', 224000, 'ບໍລິສັດເຄພີ ນິສເຊອິ', 'ບ້ານ ຫົວເມືອງເໜືອ', '041-260-298', 'ທັນໃຈ ຮັງພອນສະຫວັນ', '2024-02-01', '', 6, '2023-11-24'),
(12, '015,23', '2023-09-13', 'ໃສກອງໄຮໂດລິກກັບ', 1, 685000, 'ອັນ', 685000, 'ບໍລິສັດເຄພີ ນິສເຊອິ', 'ບ້ານ ຫົວເມືອງເໜືອ', '041-260-298', 'ທັນໃຈ ຮັງພອນສະຫວັນ', '2024-02-01', '', 6, '2023-11-24'),
(13, '015,23', '2023-09-13', 'ກອງອາກາດ', 1, 500000, 'ອັນ', 500000, 'ບໍລິສັດເຄພີ ນິສເຊອິ', 'ບ້ານ ຫົວເມືອງເໜືອ', '041-260-298', 'ທັນໃຈ ຮັງພອນສະຫວັນ', '2024-02-01', '', 6, '2023-11-24'),
(14, '015,23', '2023-09-13', 'ກອງກາຊວນ', 1, 850000, 'ອັນ', 850000, 'ບໍລິສັດເຄພີ ນິສເຊອິ', 'ບ້ານ ຫົວເມືອງເໜືອ', '041-260-298', 'ທັນໃຈ ຮັງພອນສະຫວັນ', '2024-02-01', '', 6, '2023-11-24'),
(15, '015,23', '2023-09-13', 'ໃສກອງໄຮໂດລິກໄປ', 1, 780000, 'ອັນ', 780000, 'ບໍລິສັດເຄພີ ນິສເຊອິ', 'ບ້ານ ຫົວເມືອງເໜືອ', '041-260-298', 'ທັນໃຈ ຮັງພອນສະຫວັນ', '2024-02-01', '', 6, '2023-11-24'),
(16, '015,23', '2023-09-13', 'ນຳ້ມັນໄຮໂດລິກ', 30, 100000, 'ລິດ', 3000000, 'ບໍລິສັດເຄພີ ນິສເຊອິ', 'ບ້ານ ຫົວເມືອງເໜືອ', '041-260-298', 'ທັນໃຈ ຮັງພອນສະຫວັນ', '2024-02-01', '', 6, '2023-11-24'),
(17, '015,23', '2023-09-13', 'ລິນກົ້ນໜ້າ140', 5, 130000, 'ລິດ', 650000, 'ບໍລິສັດເຄພີ ນິສເຊອິ', 'ບ້ານ ຫົວເມືອງເໜືອ', '041-260-298', 'ທັນໃຈ ຮັງພອນສະຫວັນ', '2024-02-01', '', 6, '2023-11-24'),
(18, '015,23', '2023-09-13', 'ລິນເກຍ ATF DEX3', 7, 120000, 'ລິດ', 840000, 'ບໍລິສັດເຄພີ ນິສເຊອິ', 'ບ້ານ ຫົວເມືອງເໜືອ', '041-260-298', 'ທັນໃຈ ຮັງພອນສະຫວັນ', '2024-02-01', '', 6, '2023-11-24'),
(19, '015,23', '2023-09-13', 'ກະແລັດກະປ໋ອງ', 1, 150000, 'ປ໋ອງ', 150000, 'ບໍລິສັດເຄພີ ນິສເຊອິ', 'ບ້ານ ຫົວເມືອງເໜືອ', '041-260-298', 'ທັນໃຈ ຮັງພອນສະຫວັນ', '2024-02-01', '', 6, '2023-11-24'),
(20, '015,23', '2023-09-13', 'ຊິນກັນກະແລັດ', 2, 300000, 'ອັນ', 600000, 'ບໍລິສັດເຄພີ ນິສເຊອິ', 'ບ້ານ ຫົວເມືອງເໜືອ', '041-260-298', 'ທັນໃຈ ຮັງພອນສະຫວັນ', '2024-02-01', '', 6, '2023-11-24'),
(21, '015,23', '2023-09-13', 'ບີ້ລໍ້ຫຼັງຊ້າຍນອກ-ໃນ', 2, 750000, 'ໜ່ວຍ', 1500000, 'ບໍລິສັດເຄພີ ນິສເຊອິ', 'ບ້ານ ຫົວເມືອງເໜືອ', '041-260-298', 'ທັນໃຈ ຮັງພອນສະຫວັນ', '2024-02-01', '', 6, '2023-11-24'),
(22, '015,23', '2023-09-13', 'ຢາງຫຼັງຊ້າຍ-ຂວາ', 2, 2950000, 'ເສັ້ນ', 5900000, 'ບໍລິສັດເຄພີ ນິສເຊອິ', 'ບ້ານ ຫົວເມືອງເໜືອ', '041-260-298', 'ທັນໃຈ ຮັງພອນສະຫວັນ', '2024-02-01', '', 6, '2023-11-24'),
(23, '015,23', '2023-09-13', 'ຫຍິບເບາະເສີມນ້ວມ', 1, 1200000, 'ຄັ້ງ', 1200000, 'ບໍລິສັດເຄພີ ນິສເຊອິ', 'ບ້ານ ຫົວເມືອງເໜືອ', '041-260-298', 'ທັນໃຈ ຮັງພອນສະຫວັນ', '2024-02-01', '', 6, '2023-11-24'),
(24, '015,23', '2023-09-13', 'ຊິນບັ້ງເນີ້ງ', 2, 900000, 'ຊຸດ', 1800000, 'ບໍລິສັດເຄພີ ນິສເຊອິ', 'ບ້ານ ຫົວເມືອງເໜືອ', '041-260-298', 'ທັນໃຈ ຮັງພອນສະຫວັນ', '2024-02-01', '', 6, '2023-11-24'),
(25, '015,23', '2023-09-13', 'ຊິນບັ້ງຍົກ', 1, 500000, 'ອັນ', 500000, 'ບໍລິສັດເຄພີ ນິສເຊອິ', 'ບ້ານ ຫົວເມືອງເໜືອ', '041-260-298', 'ທັນໃຈ ຮັງພອນສະຫວັນ', '2024-02-01', '', 6, '2023-11-24'),
(26, '015,23', '2023-09-13', 'ບີ້ລໍ້ຫຼັງຂວານອກ-ໃນ', 2, 500000, 'ໜ່ວຍ', 1000000, 'ບໍລິສັດເຄພີ ນິສເຊອິ', 'ບ້ານ ຫົວເມືອງເໜືອ', '041-260-298', 'ທັນໃຈ ຮັງພອນສະຫວັນ', '2024-02-01', '', 6, '2023-11-24');

-- --------------------------------------------------------

--
-- Table structure for table `tb_status`
--

CREATE TABLE `tb_status` (
  `id` int(11) NOT NULL,
  `status` varchar(50) NOT NULL
) ENGINE=InnoDB DEFAULT CHARSET=utf8;

--
-- Dumping data for table `tb_status`
--

INSERT INTO `tb_status` (`id`, `status`) VALUES
(1, 'ນຳໃຊ້ປົກກະຕິ'),
(2, 'ລົດເພ'),
(3, 'ລົບອອກຈາກລະບົບແລ້ວ'),
(4, 'ຄີແຕ່ຄ່ານ້ຳມັນລົດ'),
(5, 'ບໍ່ຄ່ອຍນຳໃຊ້');

-- --------------------------------------------------------

--
-- Table structure for table `tb_typecar`
--

CREATE TABLE `tb_typecar` (
  `id` int(11) NOT NULL,
  `type` varchar(50) NOT NULL,
  `date_add` datetime DEFAULT CURRENT_TIMESTAMP
) ENGINE=InnoDB DEFAULT CHARSET=utf8;

--
-- Dumping data for table `tb_typecar`
--

INSERT INTO `tb_typecar` (`id`, `type`, `date_add`) VALUES
(1, 'ລົດເກັງ', '2023-06-09 15:29:34'),
(2, 'ລົດກະບະ', '2023-06-09 15:29:34'),
(3, 'ລົດຟົກລິບສູງ', '2023-06-09 15:29:34'),
(4, 'ລົດຟົກລິບຕ່ຳ', '2023-06-09 15:29:34'),
(5, 'ລົດຕັກ', '2023-06-09 15:29:34'),
(6, 'ລົດ 6 ລໍ້ນ້ອຍ', '2023-06-09 15:29:34'),
(7, 'ລົດຕູ້', '2023-06-09 15:29:34'),
(8, 'ລົດຈັກ', '2023-06-09 15:29:34');

-- --------------------------------------------------------

--
-- Table structure for table `tb_unit`
--

CREATE TABLE `tb_unit` (
  `id` int(11) NOT NULL,
  `b_id` int(11) NOT NULL,
  `unit` varchar(50) NOT NULL,
  `date_add` datetime NOT NULL DEFAULT CURRENT_TIMESTAMP
) ENGINE=InnoDB DEFAULT CHARSET=utf8;

--
-- Dumping data for table `tb_unit`
--

INSERT INTO `tb_unit` (`id`, `b_id`, `unit`, `date_add`) VALUES
(1, 1, 'ຈັດຊື້\r', '0000-00-00 00:00:00'),
(2, 1, 'ນິຕິກຳ\r', '0000-00-00 00:00:00'),
(3, 1, 'ບໍລິຫານ ຫ້ອງການ\r', '0000-00-00 00:00:00'),
(4, 1, 'ສາງຊັບສິນ\r', '0000-00-00 00:00:00'),
(5, 1, 'ສາງລາຍວັນ\r', '0000-00-00 00:00:00'),
(6, 1, 'ກອງເລຂາ\r', '0000-00-00 00:00:00'),
(7, 1, 'ບໍລິຫານ ບຸກຄະລາກອນ\r', '0000-00-00 00:00:00'),
(8, 1, 'ພັດທະນາ ບຸກຄະລາກອນ\r', '0000-00-00 00:00:00'),
(9, 1, 'ຮັກສາຄວາມປອດໄພ\r', '0000-00-00 00:00:00'),
(10, 1, 'ການເງິນ\r', '0000-00-00 00:00:00'),
(11, 1, 'ບັນຊີ\r', '0000-00-00 00:00:00'),
(12, 1, 'ທວງໜີ້\r', '0000-00-00 00:00:00'),
(13, 1, 'ກວດສອບພາຍໃນ\r', '0000-00-00 00:00:00'),
(14, 1, 'ການຄ້າ\r', '0000-00-00 00:00:00'),
(15, 1, 'ອາຄານ\r', '0000-00-00 00:00:00'),
(16, 1, 'ອະສັງຫາລິມະຊັບ\r', '0000-00-00 00:00:00'),
(17, 1, 'ໄອທີຊັບພອດ\r', '0000-00-00 00:00:00'),
(18, 1, 'ພັດທະນາໂປຣແກຣມ\r', '0000-00-00 00:00:00'),
(19, 2, 'ບໍລິຫານຫ້ອງການ (ອສນ)\r', '0000-00-00 00:00:00'),
(20, 2, 'ການຂາຍ ແລະ ການຕະຫລາດ (ອສນ)\r', '0000-00-00 00:00:00'),
(21, 3, 'ບໍລິຫານຫ້ອງການ (ອຕມ)\r', '0000-00-00 00:00:00'),
(22, 3, 'ສູນວັດທະນາທຳ\r', '0000-00-00 00:00:00'),
(23, 3, 'ສູນອາຫານ\r', '0000-00-00 00:00:00'),
(24, 3, 'ອາຄານ (ອຕມ)\r', '0000-00-00 00:00:00'),
(25, 3, 'ນຳເຂົ້າສິນຄ້າປອດພາສີ \r', '0000-00-00 00:00:00'),
(26, 3, 'ຈັດສັນຕະຫລາດສົດ\r', '0000-00-00 00:00:00'),
(27, 3, '  ການຕະຫລາດ (ອຕມ)\r', '0000-00-00 00:00:00'),
(28, 3, 'ການຂາຍ (ອຕມ)\r', '0000-00-00 00:00:00'),
(29, 4, 'ງານລ້ຽງ ແລະ ງານປະຊຸມ\r', '0000-00-00 00:00:00'),
(30, 4, 'ງານວາງສະແດງ\r', '0000-00-00 00:00:00'),
(31, 4, 'ການຕະຫລາດ (ວສດ)\r', '0000-00-00 00:00:00'),
(32, 4, 'ການຂາຍ\r', '0000-00-00 00:00:00'),
(33, 4, 'ບໍລິຫານ (ວສດ)\r', '0000-00-00 00:00:00'),
(34, 4, 'ອາຄານ (ວສດ)\r', '0000-00-00 00:00:00'),
(35, 5, 'ບໍລິຫານຫ້ອງການ (ທຄມ)\r', '0000-00-00 00:00:00'),
(36, 5, 'ອາຄານ (ທຄມ)\r', '0000-00-00 00:00:00'),
(37, 5, '  ການຕະຫລາດ (ທຄມ)\r', '0000-00-00 00:00:00'),
(38, 5, 'ການຂາຍ (ທຄມ)\r', '0000-00-00 00:00:00'),
(39, 5, 'ຮັກສາຄວາມປອດໄພ (ທຄມ)\r', '0000-00-00 00:00:00'),
(40, 6, 'ບໍລິຫານຫ້ອງການ (ລສຈ)\r', '0000-00-00 00:00:00'),
(41, 6, 'ອາຄານ (ລສຈ)\r', '0000-00-00 00:00:00'),
(42, 6, 'ຮັກສາຄວາມປອດໄພ (ລສຈ)\r', '0000-00-00 00:00:00'),
(43, 6, 'ບັນຊີ ແລະ ການເງິນ (ລສຈ)\r', '0000-00-00 00:00:00'),
(44, 6, ' ການຕະຫລາດ ແລະ ການຂາຍ (ລສຈ)\r', '0000-00-00 00:00:00'),
(45, 7, 'ບໍລິຫານຫ້ອງການ (ລອຕ)\r', '0000-00-00 00:00:00'),
(46, 7, 'ການເງິນ ແລະ ບັນຊີ (ລອຕ)\r', '0000-00-00 00:00:00'),
(47, 7, 'ການຂາຍ ແລະ ການຕະຫລາດ (ລອຕ)\r', '0000-00-00 00:00:00'),
(48, 8, 'ການຂາຍ (YP)\r', '0000-00-00 00:00:00'),
(49, 8, 'ການຕະຫລາດ (YP)\r', '0000-00-00 00:00:00'),
(50, 8, 'ບໍລິການລູກຄ້າ (YP)\r', '0000-00-00 00:00:00'),
(51, 8, 'ບໍລິຫານຫ້ອງການ (YP)\r', '0000-00-00 00:00:00'),
(52, 8, 'Flash sale & Campaign\r', '0000-00-00 00:00:00'),
(53, 9, 'ນໍ້າຊວງ\n', '0000-00-00 00:00:00'),
(54, 10, 'TPD', '2023-10-10 09:53:36');

-- --------------------------------------------------------

--
-- Table structure for table `tb_user`
--

CREATE TABLE `tb_user` (
  `user_id` int(11) NOT NULL,
  `username` varchar(50) DEFAULT NULL,
  `password` varchar(100) DEFAULT NULL,
  `role_id` int(11) DEFAULT NULL,
  `user_add` int(11) DEFAULT NULL,
  `date_add` timestamp NULL DEFAULT CURRENT_TIMESTAMP,
  `empId` int(11) DEFAULT NULL,
  `bu_id` int(11) NOT NULL
) ENGINE=MyISAM DEFAULT CHARSET=utf8;

--
-- Dumping data for table `tb_user`
--

INSERT INTO `tb_user` (`user_id`, `username`, `password`, `role_id`, `user_add`, `date_add`, `empId`, `bu_id`) VALUES
(7, 'littavanh', '233199dc6e3e243143f2a1e5009292fd', 1, 1, '2023-10-06 02:47:54', 7, 0),
(2, 'admin', 'e8f06f419bca56e7a40146fc46cd6175', 1, 1, NULL, 2, 0),
(3, 'souknapha', '3ecc2cac2310974f9ac8aff0340848e3', 2, 1, NULL, 3, 1),
(4, 'thipphakone', 'd05d17b184597c9eabe9d40a7f2bf464', 2, 1, NULL, 4, 1),
(5, 'sengphone', '3c3944f12d373a1329f4a90cc3d6d511', 2, 1, NULL, 5, 1),
(6, 'iteccsavanh', '8687d443622909bcb1a836507e657754', 2, 1, NULL, 6, 6);

-- --------------------------------------------------------

--
-- Table structure for table `tb_user_role`
--

CREATE TABLE `tb_user_role` (
  `role_id` int(11) NOT NULL,
  `role_name` varchar(255) DEFAULT NULL
) ENGINE=MyISAM DEFAULT CHARSET=utf8;

--
-- Dumping data for table `tb_user_role`
--

INSERT INTO `tb_user_role` (`role_id`, `role_name`) VALUES
(1, 'Admin'),
(2, 'User');

-- --------------------------------------------------------

--
-- Table structure for table `tb_year`
--

CREATE TABLE `tb_year` (
  `year` int(4) NOT NULL
) ENGINE=InnoDB DEFAULT CHARSET=utf8;

--
-- Dumping data for table `tb_year`
--

INSERT INTO `tb_year` (`year`) VALUES
(2023),
(2024),
(2025),
(2026),
(2027),
(2028),
(2029),
(2030),
(2031),
(2032);

-- --------------------------------------------------------

--
-- Stand-in structure for view `v_budget`
-- (See below for the actual view)
--
CREATE TABLE `v_budget` (
`id` int(11)
,`budget_month` int(11)
,`budget_year` int(11)
,`amount` int(11)
,`car_reg` varchar(50)
,`type` varchar(50)
,`status_id` int(11)
,`date_add` datetime
,`bu_id` int(11)
,`bu_name` varchar(50)
);

-- --------------------------------------------------------

--
-- Stand-in structure for view `v_car`
-- (See below for the actual view)
--
CREATE TABLE `v_car` (
`id` int(11)
,`car_reg` varchar(50)
,`type` varchar(50)
,`brand` varchar(50)
,`model` varchar(50)
,`remark` varchar(50)
,`status_id` int(11)
,`date_add` datetime
,`amount_limit` int(11)
,`bu_id` int(11)
,`name` varchar(50)
,`color` varchar(50)
,`machine_no` varchar(50)
,`machine_no1` varchar(50)
);

-- --------------------------------------------------------

--
-- Stand-in structure for view `v_cardinvoice`
-- (See below for the actual view)
--
CREATE TABLE `v_cardinvoice` (
`id` int(11)
,`year` int(11)
,`month` int(11)
,`amount` int(11)
,`department` varchar(50)
,`status_id` int(11)
,`date_add` datetime
);

-- --------------------------------------------------------

--
-- Stand-in structure for view `v_car_view`
-- (See below for the actual view)
--
CREATE TABLE `v_car_view` (
`id` int(11)
,`car_reg` varchar(50)
,`month` int(2)
,`year` int(4)
,`type` varchar(50)
);

-- --------------------------------------------------------

--
-- Stand-in structure for view `v_dept_view`
-- (See below for the actual view)
--
CREATE TABLE `v_dept_view` (
`id` int(11)
,`name` varchar(50)
,`month` int(2)
,`year` int(4)
);

-- --------------------------------------------------------

--
-- Stand-in structure for view `v_diary_record_car`
-- (See below for the actual view)
--
CREATE TABLE `v_diary_record_car` (
`id` int(11)
,`car_reg` varchar(50)
,`name` varchar(50)
,`surname` varchar(50)
,`date` varchar(10)
,`time_start` varchar(10)
,`time_end` varchar(10)
,`meter_start` varchar(10)
,`meter_end` varchar(10)
,`remark` varchar(50)
,`user_add` varchar(10)
,`date_add` datetime
,`isDelete` varchar(10)
,`yearRecord` int(4)
,`monthRecord` int(2)
,`driver_id` int(11)
,`unit_id` int(11)
,`car_reg_id` int(11)
,`b_id` int(11)
,`bu_name` varchar(50)
,`ub_id` int(11)
,`ub_name` varchar(50)
);

-- --------------------------------------------------------

--
-- Stand-in structure for view `v_diary_record_car2`
-- (See below for the actual view)
--
CREATE TABLE `v_diary_record_car2` (
`id` int(11)
,`car_reg` varchar(50)
,`name` varchar(50)
,`surname` varchar(50)
,`date` varchar(10)
,`time_start` varchar(10)
,`time_end` varchar(10)
,`meter_start` varchar(10)
,`meter_end` varchar(10)
,`remark` varchar(50)
,`user_add` varchar(10)
,`date_add` datetime
,`isDelete` varchar(10)
,`yearRecord` int(4)
,`monthRecord` int(2)
,`driver_id` int(11)
,`unit_id` int(11)
,`car_reg_id` int(11)
,`bu_id` int(11)
,`bu_name` varchar(50)
);

-- --------------------------------------------------------

--
-- Stand-in structure for view `v_drc_dept1`
-- (See below for the actual view)
--
CREATE TABLE `v_drc_dept1` (
`car_reg` varchar(50)
,`yearRecord` int(4)
,`monthRecord` int(2)
,`kmUsage` double
,`b_id` int(11)
);

-- --------------------------------------------------------

--
-- Stand-in structure for view `v_drc_dept2`
-- (See below for the actual view)
--
CREATE TABLE `v_drc_dept2` (
`car_reg` varchar(50)
,`yearRecord` int(4)
,`monthRecord` int(2)
,`kmUsage` double
,`b_id` int(11)
);

-- --------------------------------------------------------

--
-- Stand-in structure for view `v_drc_dept3`
-- (See below for the actual view)
--
CREATE TABLE `v_drc_dept3` (
`car_reg` varchar(50)
,`yearRecord` int(4)
,`monthRecord` int(2)
,`kmUsage` double
,`b_id` int(11)
);

-- --------------------------------------------------------

--
-- Stand-in structure for view `v_drc_dept4`
-- (See below for the actual view)
--
CREATE TABLE `v_drc_dept4` (
`car_reg` varchar(50)
,`yearRecord` int(4)
,`monthRecord` int(2)
,`kmUsage` double
,`b_id` int(11)
);

-- --------------------------------------------------------

--
-- Stand-in structure for view `v_drc_dept5`
-- (See below for the actual view)
--
CREATE TABLE `v_drc_dept5` (
`car_reg` varchar(50)
,`yearRecord` int(4)
,`monthRecord` int(2)
,`kmUsage` double
,`b_id` int(11)
);

-- --------------------------------------------------------

--
-- Stand-in structure for view `v_drc_dept6`
-- (See below for the actual view)
--
CREATE TABLE `v_drc_dept6` (
`car_reg` varchar(50)
,`yearRecord` int(4)
,`monthRecord` int(2)
,`kmUsage` double
,`b_id` int(11)
);

-- --------------------------------------------------------

--
-- Stand-in structure for view `v_drc_dept7`
-- (See below for the actual view)
--
CREATE TABLE `v_drc_dept7` (
`car_reg` varchar(50)
,`yearRecord` int(4)
,`monthRecord` int(2)
,`kmUsage` double
,`b_id` int(11)
);

-- --------------------------------------------------------

--
-- Stand-in structure for view `v_drc_dept8`
-- (See below for the actual view)
--
CREATE TABLE `v_drc_dept8` (
`car_reg` varchar(50)
,`yearRecord` int(4)
,`monthRecord` int(2)
,`kmUsage` double
,`b_id` int(11)
);

-- --------------------------------------------------------

--
-- Stand-in structure for view `v_drc_dept9`
-- (See below for the actual view)
--
CREATE TABLE `v_drc_dept9` (
`car_reg` varchar(50)
,`yearRecord` int(4)
,`monthRecord` int(2)
,`kmUsage` double
,`b_id` int(11)
);

-- --------------------------------------------------------

--
-- Stand-in structure for view `v_drc_dept10`
-- (See below for the actual view)
--
CREATE TABLE `v_drc_dept10` (
`car_reg` varchar(50)
,`yearRecord` int(4)
,`monthRecord` int(2)
,`kmUsage` double
,`b_id` int(11)
);

-- --------------------------------------------------------

--
-- Stand-in structure for view `v_drc_dept_ub1`
-- (See below for the actual view)
--
CREATE TABLE `v_drc_dept_ub1` (
`car_reg` varchar(50)
,`yearRecord` int(4)
,`monthRecord` int(2)
,`kmUsage` double
,`b_id` int(11)
,`ub_id` int(11)
,`ub_name` varchar(50)
);

-- --------------------------------------------------------

--
-- Stand-in structure for view `v_drc_dept_ub2`
-- (See below for the actual view)
--
CREATE TABLE `v_drc_dept_ub2` (
`car_reg` varchar(50)
,`yearRecord` int(4)
,`monthRecord` int(2)
,`kmUsage` double
,`b_id` int(11)
,`ub_id` int(11)
,`ub_name` varchar(50)
);

-- --------------------------------------------------------

--
-- Stand-in structure for view `v_drc_dept_ub3`
-- (See below for the actual view)
--
CREATE TABLE `v_drc_dept_ub3` (
`car_reg` varchar(50)
,`yearRecord` int(4)
,`monthRecord` int(2)
,`kmUsage` double
,`b_id` int(11)
,`ub_id` int(11)
,`ub_name` varchar(50)
);

-- --------------------------------------------------------

--
-- Stand-in structure for view `v_drc_dept_ub4`
-- (See below for the actual view)
--
CREATE TABLE `v_drc_dept_ub4` (
`car_reg` varchar(50)
,`yearRecord` int(4)
,`monthRecord` int(2)
,`kmUsage` double
,`b_id` int(11)
,`ub_id` int(11)
,`ub_name` varchar(50)
);

-- --------------------------------------------------------

--
-- Stand-in structure for view `v_drc_dept_ub5`
-- (See below for the actual view)
--
CREATE TABLE `v_drc_dept_ub5` (
`car_reg` varchar(50)
,`yearRecord` int(4)
,`monthRecord` int(2)
,`kmUsage` double
,`b_id` int(11)
,`ub_id` int(11)
,`ub_name` varchar(50)
);

-- --------------------------------------------------------

--
-- Stand-in structure for view `v_drc_dept_ub6`
-- (See below for the actual view)
--
CREATE TABLE `v_drc_dept_ub6` (
`car_reg` varchar(50)
,`yearRecord` int(4)
,`monthRecord` int(2)
,`kmUsage` double
,`b_id` int(11)
,`ub_id` int(11)
,`ub_name` varchar(50)
);

-- --------------------------------------------------------

--
-- Stand-in structure for view `v_drc_dept_ub7`
-- (See below for the actual view)
--
CREATE TABLE `v_drc_dept_ub7` (
`car_reg` varchar(50)
,`yearRecord` int(4)
,`monthRecord` int(2)
,`kmUsage` double
,`b_id` int(11)
,`ub_id` int(11)
,`ub_name` varchar(50)
);

-- --------------------------------------------------------

--
-- Stand-in structure for view `v_drc_dept_ub8`
-- (See below for the actual view)
--
CREATE TABLE `v_drc_dept_ub8` (
`car_reg` varchar(50)
,`yearRecord` int(4)
,`monthRecord` int(2)
,`kmUsage` double
,`b_id` int(11)
,`ub_id` int(11)
,`ub_name` varchar(50)
);

-- --------------------------------------------------------

--
-- Stand-in structure for view `v_drc_dept_ub9`
-- (See below for the actual view)
--
CREATE TABLE `v_drc_dept_ub9` (
`car_reg` varchar(50)
,`yearRecord` int(4)
,`monthRecord` int(2)
,`kmUsage` double
,`b_id` int(11)
,`ub_id` int(11)
,`ub_name` varchar(50)
);

-- --------------------------------------------------------

--
-- Stand-in structure for view `v_drc_dept_ub10`
-- (See below for the actual view)
--
CREATE TABLE `v_drc_dept_ub10` (
`car_reg` varchar(50)
,`yearRecord` int(4)
,`monthRecord` int(2)
,`kmUsage` double
,`b_id` int(11)
,`ub_id` int(11)
,`ub_name` varchar(50)
);

-- --------------------------------------------------------

--
-- Stand-in structure for view `v_driver`
-- (See below for the actual view)
--
CREATE TABLE `v_driver` (
`id` int(11)
,`name` varchar(50)
,`surname` varchar(50)
,`nickname` varchar(50)
,`date_add` datetime
,`bu_id` int(11)
,`bu_name` varchar(50)
);

-- --------------------------------------------------------

--
-- Stand-in structure for view `v_feecard`
-- (See below for the actual view)
--
CREATE TABLE `v_feecard` (
`id` int(11)
,`month` int(11)
,`year` int(11)
,`amount` int(11)
,`tax` int(11)
,`department` varchar(50)
,`status_id` int(11)
,`date_add` datetime
,`bid` int(11)
,`card_no` int(11)
,`adjust` int(11)
);

-- --------------------------------------------------------

--
-- Stand-in structure for view `v_gasprice`
-- (See below for the actual view)
--
CREATE TABLE `v_gasprice` (
`id` int(11)
,`car_reg` varchar(50)
,`gas_price_month` int(11)
,`gas_price_year` int(11)
,`gas_price` int(11)
,`amount` int(11)
,`status_id` int(11)
,`date_add` datetime
);

-- --------------------------------------------------------

--
-- Stand-in structure for view `v_move_car`
-- (See below for the actual view)
--
CREATE TABLE `v_move_car` (
`id` int(11)
,`car_id` int(11)
,`fromBu` int(11)
,`toBu` int(11)
,`fromDate` date
,`toDate` date
,`dateAdd` datetime
,`car_reg` varchar(50)
,`fromBuName` varchar(50)
,`toBuName` varchar(50)
);

-- --------------------------------------------------------

--
-- Stand-in structure for view `v_repair`
-- (See below for the actual view)
--
CREATE TABLE `v_repair` (
`rp_id` varchar(11)
,`date` date
,`list_repair` varchar(50)
,`qty` int(11)
,`unit` varchar(50)
,`price` int(11)
,`total` int(11)
,`store` varchar(50)
,`address` varchar(50)
,`tel` varchar(50)
,`driver` varchar(50)
,`guarantee` date
,`remark` varchar(50)
,`car_id` int(11)
,`car_reg` varchar(50)
,`color` varchar(50)
,`machineNo` varchar(50)
,`machineNo1` varchar(50)
,`company` varchar(50)
,`user_add` int(11)
,`date_add` date
,`status` varchar(50)
);

-- --------------------------------------------------------

--
-- Stand-in structure for view `v_report`
-- (See below for the actual view)
--
CREATE TABLE `v_report` (
`id` int(11)
,`car_reg` varchar(50)
,`ຫ້ອງການໃຫ່ຍ` double
,`ສວນນ້ຳ` double
,`ໄອເຕັກມໍລ` double
,`ວາງສະແດງ` double
,`ທົ່ງຂັນຄຳ` double
,`ໄອເຕັກສະຫວັນ` double
,`ເລກໄອເຕັກ` double
,`ເຢສພລີດ` double
,`TPD` double
,`yearRecord` int(4)
,`monthRecord` int(2)
);

-- --------------------------------------------------------

--
-- Stand-in structure for view `v_unit`
-- (See below for the actual view)
--
CREATE TABLE `v_unit` (
`id` int(11)
,`name` varchar(50)
,`unit` varchar(50)
,`date_add` datetime
,`b_id` int(11)
);

-- --------------------------------------------------------

--
-- Stand-in structure for view `v_user`
-- (See below for the actual view)
--
CREATE TABLE `v_user` (
`user_id` int(11)
,`username` varchar(50)
,`password` varchar(100)
,`role_id` int(11)
,`user_add` int(11)
,`date_add` timestamp
,`empId` int(11)
,`bu_id` int(11)
,`firstName` varchar(100)
,`lastName` varchar(100)
,`role_name` varchar(255)
,`name` varchar(50)
);

-- --------------------------------------------------------

--
-- Structure for view `v_budget`
--
DROP TABLE IF EXISTS `v_budget`;

CREATE ALGORITHM=UNDEFINED DEFINER=`root`@`localhost` SQL SECURITY DEFINER VIEW `v_budget`  AS  select `tb_budget`.`id` AS `id`,`tb_budget`.`budget_month` AS `budget_month`,`tb_budget`.`budget_year` AS `budget_year`,`tb_budget`.`amount` AS `amount`,`v_car`.`car_reg` AS `car_reg`,`v_car`.`type` AS `type`,`tb_budget`.`status_id` AS `status_id`,`tb_budget`.`date_add` AS `date_add`,`v_car`.`bu_id` AS `bu_id`,`v_car`.`name` AS `bu_name` from (`tb_budget` join `v_car` on((`tb_budget`.`car_id` = `v_car`.`id`))) ;

-- --------------------------------------------------------

--
-- Structure for view `v_car`
--
DROP TABLE IF EXISTS `v_car`;

CREATE ALGORITHM=UNDEFINED DEFINER=`root`@`localhost` SQL SECURITY DEFINER VIEW `v_car`  AS  select `a`.`id` AS `id`,`a`.`car_reg` AS `car_reg`,`b`.`type` AS `type`,`c`.`brand` AS `brand`,`a`.`model` AS `model`,`d`.`status` AS `remark`,`a`.`status_id` AS `status_id`,`a`.`date_add` AS `date_add`,`a`.`amount_limit` AS `amount_limit`,`bu`.`id` AS `bu_id`,`bu`.`name` AS `name`,`a`.`color` AS `color`,`a`.`machine_no` AS `machine_no`,`a`.`machine_no1` AS `machine_no1` from ((((`tb_car` `a` left join `tb_typecar` `b` on((`a`.`type_id` = `b`.`id`))) left join `tb_brandcar` `c` on((`a`.`brand_id` = `c`.`id`))) join `tb_status` `d` on((`a`.`status_id` = `d`.`id`))) join `tb_business` `bu` on((`a`.`bu_id` = `bu`.`id`))) where (`a`.`status_id` = 1) ;

-- --------------------------------------------------------

--
-- Structure for view `v_cardinvoice`
--
DROP TABLE IF EXISTS `v_cardinvoice`;

CREATE ALGORITHM=UNDEFINED DEFINER=`root`@`localhost` SQL SECURITY DEFINER VIEW `v_cardinvoice`  AS  select `a`.`id` AS `id`,`a`.`invoice_year` AS `year`,`a`.`invoice_month` AS `month`,`a`.`invoice_amount` AS `amount`,`b`.`name` AS `department`,`a`.`status_id` AS `status_id`,`a`.`date_add` AS `date_add` from (`tb_cardinvoice` `a` join `tb_business` `b` on((`a`.`bu_id` = `b`.`id`))) ;

-- --------------------------------------------------------

--
-- Structure for view `v_car_view`
--
DROP TABLE IF EXISTS `v_car_view`;

CREATE ALGORITHM=UNDEFINED DEFINER=`root`@`localhost` SQL SECURITY DEFINER VIEW `v_car_view`  AS  select `a`.`id` AS `id`,`a`.`car_reg` AS `car_reg`,`b`.`month` AS `month`,`c`.`year` AS `year`,`a`.`type` AS `type` from ((`v_car` `a` join `tb_month` `b`) join `tb_year` `c`) order by `a`.`id`,`b`.`month`,`c`.`year` ;

-- --------------------------------------------------------

--
-- Structure for view `v_dept_view`
--
DROP TABLE IF EXISTS `v_dept_view`;

CREATE ALGORITHM=UNDEFINED DEFINER=`root`@`localhost` SQL SECURITY DEFINER VIEW `v_dept_view`  AS  select `a`.`id` AS `id`,`a`.`name` AS `name`,`b`.`month` AS `month`,`c`.`year` AS `year` from ((`tb_business` `a` join `tb_month` `b`) join `tb_year` `c`) order by `a`.`id`,`b`.`month`,`c`.`year` ;

-- --------------------------------------------------------

--
-- Structure for view `v_diary_record_car`
--
DROP TABLE IF EXISTS `v_diary_record_car`;

CREATE ALGORITHM=UNDEFINED DEFINER=`root`@`localhost` SQL SECURITY DEFINER VIEW `v_diary_record_car`  AS  (select `tb_diary_record_car`.`id` AS `id`,`tb_car`.`car_reg` AS `car_reg`,`tb_driver`.`name` AS `name`,`tb_driver`.`surname` AS `surname`,`tb_diary_record_car`.`date` AS `date`,`tb_diary_record_car`.`time_start` AS `time_start`,`tb_diary_record_car`.`time_end` AS `time_end`,`tb_diary_record_car`.`meter_start` AS `meter_start`,`tb_diary_record_car`.`meter_end` AS `meter_end`,`tb_diary_record_car`.`remark` AS `remark`,`tb_diary_record_car`.`user_add` AS `user_add`,`tb_diary_record_car`.`date_add` AS `date_add`,`tb_diary_record_car`.`isDelete` AS `isDelete`,extract(year from `tb_diary_record_car`.`date`) AS `yearRecord`,extract(month from `tb_diary_record_car`.`date`) AS `monthRecord`,`tb_diary_record_car`.`driver_id` AS `driver_id`,`tb_diary_record_car`.`unit_id` AS `unit_id`,`tb_diary_record_car`.`car_reg_id` AS `car_reg_id`,`tb_car`.`bu_id` AS `b_id`,`tb_business`.`name` AS `bu_name`,`v_unit`.`b_id` AS `ub_id`,`v_unit`.`name` AS `ub_name` from ((((`tb_diary_record_car` join `tb_car` on((`tb_diary_record_car`.`car_reg_id` = `tb_car`.`id`))) join `tb_driver` on((`tb_diary_record_car`.`driver_id` = `tb_driver`.`id`))) join `tb_business` on((`tb_car`.`bu_id` = `tb_business`.`id`))) join `v_unit` on((`tb_diary_record_car`.`unit_id` = `v_unit`.`id`)))) ;

-- --------------------------------------------------------

--
-- Structure for view `v_diary_record_car2`
--
DROP TABLE IF EXISTS `v_diary_record_car2`;

CREATE ALGORITHM=UNDEFINED DEFINER=`root`@`localhost` SQL SECURITY DEFINER VIEW `v_diary_record_car2`  AS  select `tb_diary_record_car`.`id` AS `id`,`v_car`.`car_reg` AS `car_reg`,`tb_driver`.`name` AS `name`,`tb_driver`.`surname` AS `surname`,`tb_diary_record_car`.`date` AS `date`,`tb_diary_record_car`.`time_start` AS `time_start`,`tb_diary_record_car`.`time_end` AS `time_end`,`tb_diary_record_car`.`meter_start` AS `meter_start`,`tb_diary_record_car`.`meter_end` AS `meter_end`,`tb_diary_record_car`.`remark` AS `remark`,`tb_diary_record_car`.`user_add` AS `user_add`,`tb_diary_record_car`.`date_add` AS `date_add`,`tb_diary_record_car`.`isDelete` AS `isDelete`,extract(year from `tb_diary_record_car`.`date`) AS `yearRecord`,extract(month from `tb_diary_record_car`.`date`) AS `monthRecord`,`tb_diary_record_car`.`driver_id` AS `driver_id`,`tb_diary_record_car`.`unit_id` AS `unit_id`,`tb_diary_record_car`.`car_reg_id` AS `car_reg_id`,`v_car`.`bu_id` AS `bu_id`,`v_car`.`name` AS `bu_name` from ((`tb_diary_record_car` join `v_car` on((`tb_diary_record_car`.`car_reg_id` = `v_car`.`id`))) join `tb_driver` on((`tb_diary_record_car`.`driver_id` = `tb_driver`.`id`))) ;

-- --------------------------------------------------------

--
-- Structure for view `v_drc_dept1`
--
DROP TABLE IF EXISTS `v_drc_dept1`;

CREATE ALGORITHM=UNDEFINED DEFINER=`root`@`localhost` SQL SECURITY DEFINER VIEW `v_drc_dept1`  AS  select `a`.`car_reg` AS `car_reg`,`a`.`yearRecord` AS `yearRecord`,`a`.`monthRecord` AS `monthRecord`,sum((`a`.`meter_end` - `a`.`meter_start`)) AS `kmUsage`,`a`.`b_id` AS `b_id` from `v_diary_record_car` `a` where ((`a`.`isDelete` = 'no') and (`a`.`b_id` = 1)) group by `a`.`car_reg`,`a`.`yearRecord`,`a`.`monthRecord` ;

-- --------------------------------------------------------

--
-- Structure for view `v_drc_dept2`
--
DROP TABLE IF EXISTS `v_drc_dept2`;

CREATE ALGORITHM=UNDEFINED DEFINER=`root`@`localhost` SQL SECURITY DEFINER VIEW `v_drc_dept2`  AS  select `a`.`car_reg` AS `car_reg`,`a`.`yearRecord` AS `yearRecord`,`a`.`monthRecord` AS `monthRecord`,sum((`a`.`meter_end` - `a`.`meter_start`)) AS `kmUsage`,`a`.`b_id` AS `b_id` from `v_diary_record_car` `a` where ((`a`.`isDelete` = 'no') and (`a`.`b_id` = 2)) group by `a`.`car_reg`,`a`.`yearRecord`,`a`.`monthRecord` ;

-- --------------------------------------------------------

--
-- Structure for view `v_drc_dept3`
--
DROP TABLE IF EXISTS `v_drc_dept3`;

CREATE ALGORITHM=UNDEFINED DEFINER=`root`@`localhost` SQL SECURITY DEFINER VIEW `v_drc_dept3`  AS  select `a`.`car_reg` AS `car_reg`,`a`.`yearRecord` AS `yearRecord`,`a`.`monthRecord` AS `monthRecord`,sum((`a`.`meter_end` - `a`.`meter_start`)) AS `kmUsage`,`a`.`b_id` AS `b_id` from `v_diary_record_car` `a` where ((`a`.`isDelete` = 'no') and (`a`.`b_id` = 3)) group by `a`.`car_reg`,`a`.`yearRecord`,`a`.`monthRecord` ;

-- --------------------------------------------------------

--
-- Structure for view `v_drc_dept4`
--
DROP TABLE IF EXISTS `v_drc_dept4`;

CREATE ALGORITHM=UNDEFINED DEFINER=`root`@`localhost` SQL SECURITY DEFINER VIEW `v_drc_dept4`  AS  select `a`.`car_reg` AS `car_reg`,`a`.`yearRecord` AS `yearRecord`,`a`.`monthRecord` AS `monthRecord`,sum((`a`.`meter_end` - `a`.`meter_start`)) AS `kmUsage`,`a`.`b_id` AS `b_id` from `v_diary_record_car` `a` where ((`a`.`isDelete` = 'no') and (`a`.`b_id` = 4)) group by `a`.`car_reg`,`a`.`yearRecord`,`a`.`monthRecord` ;

-- --------------------------------------------------------

--
-- Structure for view `v_drc_dept5`
--
DROP TABLE IF EXISTS `v_drc_dept5`;

CREATE ALGORITHM=UNDEFINED DEFINER=`root`@`localhost` SQL SECURITY DEFINER VIEW `v_drc_dept5`  AS  select `a`.`car_reg` AS `car_reg`,`a`.`yearRecord` AS `yearRecord`,`a`.`monthRecord` AS `monthRecord`,sum((`a`.`meter_end` - `a`.`meter_start`)) AS `kmUsage`,`a`.`b_id` AS `b_id` from `v_diary_record_car` `a` where ((`a`.`isDelete` = 'no') and (`a`.`b_id` = 5)) group by `a`.`car_reg`,`a`.`yearRecord`,`a`.`monthRecord` ;

-- --------------------------------------------------------

--
-- Structure for view `v_drc_dept6`
--
DROP TABLE IF EXISTS `v_drc_dept6`;

CREATE ALGORITHM=UNDEFINED DEFINER=`root`@`localhost` SQL SECURITY DEFINER VIEW `v_drc_dept6`  AS  select `a`.`car_reg` AS `car_reg`,`a`.`yearRecord` AS `yearRecord`,`a`.`monthRecord` AS `monthRecord`,sum((`a`.`meter_end` - `a`.`meter_start`)) AS `kmUsage`,`a`.`b_id` AS `b_id` from `v_diary_record_car` `a` where ((`a`.`isDelete` = 'no') and (`a`.`b_id` = 6)) group by `a`.`car_reg`,`a`.`yearRecord`,`a`.`monthRecord` ;

-- --------------------------------------------------------

--
-- Structure for view `v_drc_dept7`
--
DROP TABLE IF EXISTS `v_drc_dept7`;

CREATE ALGORITHM=UNDEFINED DEFINER=`root`@`localhost` SQL SECURITY DEFINER VIEW `v_drc_dept7`  AS  select `a`.`car_reg` AS `car_reg`,`a`.`yearRecord` AS `yearRecord`,`a`.`monthRecord` AS `monthRecord`,sum((`a`.`meter_end` - `a`.`meter_start`)) AS `kmUsage`,`a`.`b_id` AS `b_id` from `v_diary_record_car` `a` where ((`a`.`isDelete` = 'no') and (`a`.`b_id` = 7)) group by `a`.`car_reg`,`a`.`yearRecord`,`a`.`monthRecord` ;

-- --------------------------------------------------------

--
-- Structure for view `v_drc_dept8`
--
DROP TABLE IF EXISTS `v_drc_dept8`;

CREATE ALGORITHM=UNDEFINED DEFINER=`root`@`localhost` SQL SECURITY DEFINER VIEW `v_drc_dept8`  AS  select `a`.`car_reg` AS `car_reg`,`a`.`yearRecord` AS `yearRecord`,`a`.`monthRecord` AS `monthRecord`,sum((`a`.`meter_end` - `a`.`meter_start`)) AS `kmUsage`,`a`.`b_id` AS `b_id` from `v_diary_record_car` `a` where ((`a`.`isDelete` = 'no') and (`a`.`b_id` = 8)) group by `a`.`car_reg`,`a`.`yearRecord`,`a`.`monthRecord` ;

-- --------------------------------------------------------

--
-- Structure for view `v_drc_dept9`
--
DROP TABLE IF EXISTS `v_drc_dept9`;

CREATE ALGORITHM=UNDEFINED DEFINER=`root`@`localhost` SQL SECURITY DEFINER VIEW `v_drc_dept9`  AS  select `a`.`car_reg` AS `car_reg`,`a`.`yearRecord` AS `yearRecord`,`a`.`monthRecord` AS `monthRecord`,sum((`a`.`meter_end` - `a`.`meter_start`)) AS `kmUsage`,`a`.`b_id` AS `b_id` from `v_diary_record_car` `a` where ((`a`.`isDelete` = 'no') and (`a`.`b_id` = 9)) group by `a`.`car_reg`,`a`.`yearRecord`,`a`.`monthRecord` ;

-- --------------------------------------------------------

--
-- Structure for view `v_drc_dept10`
--
DROP TABLE IF EXISTS `v_drc_dept10`;

CREATE ALGORITHM=UNDEFINED DEFINER=`root`@`localhost` SQL SECURITY DEFINER VIEW `v_drc_dept10`  AS  select `a`.`car_reg` AS `car_reg`,`a`.`yearRecord` AS `yearRecord`,`a`.`monthRecord` AS `monthRecord`,sum((`a`.`meter_end` - `a`.`meter_start`)) AS `kmUsage`,`a`.`b_id` AS `b_id` from `v_diary_record_car` `a` where ((`a`.`isDelete` = 'no') and (`a`.`b_id` = 10)) group by `a`.`car_reg`,`a`.`yearRecord`,`a`.`monthRecord` ;

-- --------------------------------------------------------

--
-- Structure for view `v_drc_dept_ub1`
--
DROP TABLE IF EXISTS `v_drc_dept_ub1`;

CREATE ALGORITHM=UNDEFINED DEFINER=`root`@`localhost` SQL SECURITY DEFINER VIEW `v_drc_dept_ub1`  AS  select `a`.`car_reg` AS `car_reg`,`a`.`yearRecord` AS `yearRecord`,`a`.`monthRecord` AS `monthRecord`,sum((`a`.`meter_end` - `a`.`meter_start`)) AS `kmUsage`,`a`.`b_id` AS `b_id`,`a`.`ub_id` AS `ub_id`,`a`.`ub_name` AS `ub_name` from `v_diary_record_car` `a` where ((`a`.`isDelete` = 'no') and (`a`.`ub_id` = 1)) group by `a`.`car_reg`,`a`.`yearRecord`,`a`.`monthRecord`,`a`.`ub_id` ;

-- --------------------------------------------------------

--
-- Structure for view `v_drc_dept_ub2`
--
DROP TABLE IF EXISTS `v_drc_dept_ub2`;

CREATE ALGORITHM=UNDEFINED DEFINER=`root`@`localhost` SQL SECURITY DEFINER VIEW `v_drc_dept_ub2`  AS  select `a`.`car_reg` AS `car_reg`,`a`.`yearRecord` AS `yearRecord`,`a`.`monthRecord` AS `monthRecord`,sum((`a`.`meter_end` - `a`.`meter_start`)) AS `kmUsage`,`a`.`b_id` AS `b_id`,`a`.`ub_id` AS `ub_id`,`a`.`ub_name` AS `ub_name` from `v_diary_record_car` `a` where ((`a`.`isDelete` = 'no') and (`a`.`ub_id` = 2)) group by `a`.`car_reg`,`a`.`yearRecord`,`a`.`monthRecord`,`a`.`ub_id` ;

-- --------------------------------------------------------

--
-- Structure for view `v_drc_dept_ub3`
--
DROP TABLE IF EXISTS `v_drc_dept_ub3`;

CREATE ALGORITHM=UNDEFINED DEFINER=`root`@`localhost` SQL SECURITY DEFINER VIEW `v_drc_dept_ub3`  AS  select `a`.`car_reg` AS `car_reg`,`a`.`yearRecord` AS `yearRecord`,`a`.`monthRecord` AS `monthRecord`,sum((`a`.`meter_end` - `a`.`meter_start`)) AS `kmUsage`,`a`.`b_id` AS `b_id`,`a`.`ub_id` AS `ub_id`,`a`.`ub_name` AS `ub_name` from `v_diary_record_car` `a` where ((`a`.`isDelete` = 'no') and (`a`.`ub_id` = 3)) group by `a`.`car_reg`,`a`.`yearRecord`,`a`.`monthRecord`,`a`.`ub_id` ;

-- --------------------------------------------------------

--
-- Structure for view `v_drc_dept_ub4`
--
DROP TABLE IF EXISTS `v_drc_dept_ub4`;

CREATE ALGORITHM=UNDEFINED DEFINER=`root`@`localhost` SQL SECURITY DEFINER VIEW `v_drc_dept_ub4`  AS  select `a`.`car_reg` AS `car_reg`,`a`.`yearRecord` AS `yearRecord`,`a`.`monthRecord` AS `monthRecord`,sum((`a`.`meter_end` - `a`.`meter_start`)) AS `kmUsage`,`a`.`b_id` AS `b_id`,`a`.`ub_id` AS `ub_id`,`a`.`ub_name` AS `ub_name` from `v_diary_record_car` `a` where ((`a`.`isDelete` = 'no') and (`a`.`ub_id` = 4)) group by `a`.`car_reg`,`a`.`yearRecord`,`a`.`monthRecord`,`a`.`ub_id` ;

-- --------------------------------------------------------

--
-- Structure for view `v_drc_dept_ub5`
--
DROP TABLE IF EXISTS `v_drc_dept_ub5`;

CREATE ALGORITHM=UNDEFINED DEFINER=`root`@`localhost` SQL SECURITY DEFINER VIEW `v_drc_dept_ub5`  AS  select `a`.`car_reg` AS `car_reg`,`a`.`yearRecord` AS `yearRecord`,`a`.`monthRecord` AS `monthRecord`,sum((`a`.`meter_end` - `a`.`meter_start`)) AS `kmUsage`,`a`.`b_id` AS `b_id`,`a`.`ub_id` AS `ub_id`,`a`.`ub_name` AS `ub_name` from `v_diary_record_car` `a` where ((`a`.`isDelete` = 'no') and (`a`.`ub_id` = 5)) group by `a`.`car_reg`,`a`.`yearRecord`,`a`.`monthRecord`,`a`.`ub_id` ;

-- --------------------------------------------------------

--
-- Structure for view `v_drc_dept_ub6`
--
DROP TABLE IF EXISTS `v_drc_dept_ub6`;

CREATE ALGORITHM=UNDEFINED DEFINER=`root`@`localhost` SQL SECURITY DEFINER VIEW `v_drc_dept_ub6`  AS  select `a`.`car_reg` AS `car_reg`,`a`.`yearRecord` AS `yearRecord`,`a`.`monthRecord` AS `monthRecord`,sum((`a`.`meter_end` - `a`.`meter_start`)) AS `kmUsage`,`a`.`b_id` AS `b_id`,`a`.`ub_id` AS `ub_id`,`a`.`ub_name` AS `ub_name` from `v_diary_record_car` `a` where ((`a`.`isDelete` = 'no') and (`a`.`ub_id` = 6)) group by `a`.`car_reg`,`a`.`yearRecord`,`a`.`monthRecord`,`a`.`ub_id` ;

-- --------------------------------------------------------

--
-- Structure for view `v_drc_dept_ub7`
--
DROP TABLE IF EXISTS `v_drc_dept_ub7`;

CREATE ALGORITHM=UNDEFINED DEFINER=`root`@`localhost` SQL SECURITY DEFINER VIEW `v_drc_dept_ub7`  AS  select `a`.`car_reg` AS `car_reg`,`a`.`yearRecord` AS `yearRecord`,`a`.`monthRecord` AS `monthRecord`,sum((`a`.`meter_end` - `a`.`meter_start`)) AS `kmUsage`,`a`.`b_id` AS `b_id`,`a`.`ub_id` AS `ub_id`,`a`.`ub_name` AS `ub_name` from `v_diary_record_car` `a` where ((`a`.`isDelete` = 'no') and (`a`.`ub_id` = 7)) group by `a`.`car_reg`,`a`.`yearRecord`,`a`.`monthRecord`,`a`.`ub_id` ;

-- --------------------------------------------------------

--
-- Structure for view `v_drc_dept_ub8`
--
DROP TABLE IF EXISTS `v_drc_dept_ub8`;

CREATE ALGORITHM=UNDEFINED DEFINER=`root`@`localhost` SQL SECURITY DEFINER VIEW `v_drc_dept_ub8`  AS  select `a`.`car_reg` AS `car_reg`,`a`.`yearRecord` AS `yearRecord`,`a`.`monthRecord` AS `monthRecord`,sum((`a`.`meter_end` - `a`.`meter_start`)) AS `kmUsage`,`a`.`b_id` AS `b_id`,`a`.`ub_id` AS `ub_id`,`a`.`ub_name` AS `ub_name` from `v_diary_record_car` `a` where ((`a`.`isDelete` = 'no') and (`a`.`ub_id` = 8)) group by `a`.`car_reg`,`a`.`yearRecord`,`a`.`monthRecord`,`a`.`ub_id` ;

-- --------------------------------------------------------

--
-- Structure for view `v_drc_dept_ub9`
--
DROP TABLE IF EXISTS `v_drc_dept_ub9`;

CREATE ALGORITHM=UNDEFINED DEFINER=`root`@`localhost` SQL SECURITY DEFINER VIEW `v_drc_dept_ub9`  AS  select `a`.`car_reg` AS `car_reg`,`a`.`yearRecord` AS `yearRecord`,`a`.`monthRecord` AS `monthRecord`,sum((`a`.`meter_end` - `a`.`meter_start`)) AS `kmUsage`,`a`.`b_id` AS `b_id`,`a`.`ub_id` AS `ub_id`,`a`.`ub_name` AS `ub_name` from `v_diary_record_car` `a` where ((`a`.`isDelete` = 'no') and (`a`.`ub_id` = 9)) group by `a`.`car_reg`,`a`.`yearRecord`,`a`.`monthRecord`,`a`.`ub_id` ;

-- --------------------------------------------------------

--
-- Structure for view `v_drc_dept_ub10`
--
DROP TABLE IF EXISTS `v_drc_dept_ub10`;

CREATE ALGORITHM=UNDEFINED DEFINER=`root`@`localhost` SQL SECURITY DEFINER VIEW `v_drc_dept_ub10`  AS  select `a`.`car_reg` AS `car_reg`,`a`.`yearRecord` AS `yearRecord`,`a`.`monthRecord` AS `monthRecord`,sum((`a`.`meter_end` - `a`.`meter_start`)) AS `kmUsage`,`a`.`b_id` AS `b_id`,`a`.`ub_id` AS `ub_id`,`a`.`ub_name` AS `ub_name` from `v_diary_record_car` `a` where ((`a`.`isDelete` = 'no') and (`a`.`ub_id` = 10)) group by `a`.`car_reg`,`a`.`yearRecord`,`a`.`monthRecord`,`a`.`ub_id` ;

-- --------------------------------------------------------

--
-- Structure for view `v_driver`
--
DROP TABLE IF EXISTS `v_driver`;

CREATE ALGORITHM=UNDEFINED DEFINER=`root`@`localhost` SQL SECURITY DEFINER VIEW `v_driver`  AS  select `a`.`id` AS `id`,`a`.`name` AS `name`,`a`.`surname` AS `surname`,`a`.`nickname` AS `nickname`,`a`.`date_add` AS `date_add`,`a`.`bu_id` AS `bu_id`,`b`.`name` AS `bu_name` from (`tb_driver` `a` join `tb_business` `b` on((`a`.`bu_id` = `b`.`id`))) ;

-- --------------------------------------------------------

--
-- Structure for view `v_feecard`
--
DROP TABLE IF EXISTS `v_feecard`;

CREATE ALGORITHM=UNDEFINED DEFINER=`root`@`localhost` SQL SECURITY DEFINER VIEW `v_feecard`  AS  select `a`.`id` AS `id`,`a`.`fee_month` AS `month`,`a`.`fee_year` AS `year`,`a`.`fee_amount` AS `amount`,`a`.`tax` AS `tax`,`b`.`name` AS `department`,`a`.`status_id` AS `status_id`,`a`.`date_add` AS `date_add`,`b`.`id` AS `bid`,`a`.`card_no` AS `card_no`,`a`.`adjust` AS `adjust` from (`tb_feecard` `a` join `tb_business` `b` on((`a`.`bu_id` = `b`.`id`))) ;

-- --------------------------------------------------------

--
-- Structure for view `v_gasprice`
--
DROP TABLE IF EXISTS `v_gasprice`;

CREATE ALGORITHM=UNDEFINED DEFINER=`root`@`localhost` SQL SECURITY DEFINER VIEW `v_gasprice`  AS  select `a`.`id` AS `id`,`b`.`car_reg` AS `car_reg`,`a`.`gas_price_month` AS `gas_price_month`,`a`.`gas_price_year` AS `gas_price_year`,`a`.`gas_price` AS `gas_price`,`a`.`amount` AS `amount`,`a`.`status_id` AS `status_id`,`a`.`date_add` AS `date_add` from (`tb_gasprice` `a` join `v_car` `b` on((`a`.`car_id` = `b`.`id`))) ;

-- --------------------------------------------------------

--
-- Structure for view `v_move_car`
--
DROP TABLE IF EXISTS `v_move_car`;

CREATE ALGORITHM=UNDEFINED DEFINER=`root`@`localhost` SQL SECURITY DEFINER VIEW `v_move_car`  AS  select `a`.`id` AS `id`,`a`.`car_id` AS `car_id`,`a`.`fromBu` AS `fromBu`,`a`.`toBu` AS `toBu`,`a`.`fromDate` AS `fromDate`,`a`.`toDate` AS `toDate`,`a`.`dateAdd` AS `dateAdd`,`b`.`car_reg` AS `car_reg`,`c`.`name` AS `fromBuName`,`d`.`name` AS `toBuName` from (((`tb_move_car` `a` join `v_car` `b` on((`a`.`car_id` = `b`.`id`))) join `tb_business` `c` on((`a`.`fromBu` = `c`.`id`))) join `tb_business` `d` on((`a`.`toBu` = `d`.`id`))) ;

-- --------------------------------------------------------

--
-- Structure for view `v_repair`
--
DROP TABLE IF EXISTS `v_repair`;

CREATE ALGORITHM=UNDEFINED DEFINER=`root`@`localhost` SQL SECURITY DEFINER VIEW `v_repair`  AS  select `b`.`rp_id` AS `rp_id`,`b`.`date` AS `date`,`b`.`list_repair` AS `list_repair`,`b`.`qty` AS `qty`,`b`.`unit` AS `unit`,`b`.`price` AS `price`,`b`.`total` AS `total`,`b`.`store` AS `store`,`b`.`address` AS `address`,`b`.`tel` AS `tel`,`b`.`driver` AS `driver`,`b`.`guarantee` AS `guarantee`,`b`.`remark` AS `remark`,`a`.`car_id` AS `car_id`,`c`.`car_reg` AS `car_reg`,`a`.`color` AS `color`,`a`.`machineNo` AS `machineNo`,`a`.`machineNo1` AS `machineNo1`,`a`.`company` AS `company`,`b`.`user_add` AS `user_add`,`b`.`date_add` AS `date_add`,`a`.`status` AS `status` from ((`tb_repair` `a` join `tb_repair_detail` `b` on((`a`.`rp_id` = `b`.`rp_id`))) join `v_car` `c` on((`a`.`car_id` = `c`.`id`))) ;

-- --------------------------------------------------------

--
-- Structure for view `v_report`
--
DROP TABLE IF EXISTS `v_report`;

CREATE ALGORITHM=UNDEFINED DEFINER=`root`@`localhost` SQL SECURITY DEFINER VIEW `v_report`  AS  select `a`.`id` AS `id`,`a`.`car_reg` AS `car_reg`,ifnull(sum((case when (`a`.`b_id` = 1) then (`a`.`meter_end` - `a`.`meter_start`) end)),0) AS `ຫ້ອງການໃຫ່ຍ`,ifnull(sum((case when (`a`.`b_id` = 2) then (`a`.`meter_end` - `a`.`meter_start`) end)),0) AS `ສວນນ້ຳ`,ifnull(sum((case when (`a`.`b_id` = 3) then (`a`.`meter_end` - `a`.`meter_start`) end)),0) AS `ໄອເຕັກມໍລ`,ifnull(sum((case when (`a`.`b_id` = 4) then (`a`.`meter_end` - `a`.`meter_start`) end)),0) AS `ວາງສະແດງ`,ifnull(sum((case when (`a`.`b_id` = 5) then (`a`.`meter_end` - `a`.`meter_start`) end)),0) AS `ທົ່ງຂັນຄຳ`,ifnull(sum((case when (`a`.`b_id` = 6) then (`a`.`meter_end` - `a`.`meter_start`) end)),0) AS `ໄອເຕັກສະຫວັນ`,ifnull(sum((case when (`a`.`b_id` = 7) then (`a`.`meter_end` - `a`.`meter_start`) end)),0) AS `ເລກໄອເຕັກ`,ifnull(sum((case when (`a`.`b_id` = 8) then (`a`.`meter_end` - `a`.`meter_start`) end)),0) AS `ເຢສພລີດ`,ifnull(sum((case when (`a`.`b_id` = 9) then (`a`.`meter_end` - `a`.`meter_start`) end)),0) AS `TPD`,`a`.`yearRecord` AS `yearRecord`,`a`.`monthRecord` AS `monthRecord` from `v_diary_record_car` `a` where (`a`.`isDelete` = 'no') group by `a`.`car_reg`,`a`.`yearRecord`,`a`.`monthRecord` ;

-- --------------------------------------------------------

--
-- Structure for view `v_unit`
--
DROP TABLE IF EXISTS `v_unit`;

CREATE ALGORITHM=UNDEFINED DEFINER=`root`@`localhost` SQL SECURITY DEFINER VIEW `v_unit`  AS  select `a`.`id` AS `id`,`b`.`name` AS `name`,`a`.`unit` AS `unit`,`b`.`date_add` AS `date_add`,`b`.`id` AS `b_id` from (`tb_unit` `a` join `tb_business` `b` on((`a`.`b_id` = `b`.`id`))) ;

-- --------------------------------------------------------

--
-- Structure for view `v_user`
--
DROP TABLE IF EXISTS `v_user`;

CREATE ALGORITHM=UNDEFINED DEFINER=`root`@`localhost` SQL SECURITY DEFINER VIEW `v_user`  AS  select `a`.`user_id` AS `user_id`,`a`.`username` AS `username`,`a`.`password` AS `password`,`a`.`role_id` AS `role_id`,`a`.`user_add` AS `user_add`,`a`.`date_add` AS `date_add`,`a`.`empId` AS `empId`,`a`.`bu_id` AS `bu_id`,`b`.`firstName` AS `firstName`,`b`.`lastName` AS `lastName`,`c`.`role_name` AS `role_name`,`d`.`name` AS `name` from (((`tb_user` `a` join `tb_employee` `b` on((`a`.`empId` = `b`.`empId`))) join `tb_user_role` `c` on((`a`.`role_id` = `c`.`role_id`))) left join `tb_business` `d` on((`a`.`bu_id` = `d`.`id`))) ;

--
-- Indexes for dumped tables
--

--
-- Indexes for table `tb_brandcar`
--
ALTER TABLE `tb_brandcar`
  ADD PRIMARY KEY (`id`);

--
-- Indexes for table `tb_budget`
--
ALTER TABLE `tb_budget`
  ADD PRIMARY KEY (`id`);

--
-- Indexes for table `tb_business`
--
ALTER TABLE `tb_business`
  ADD PRIMARY KEY (`id`);

--
-- Indexes for table `tb_car`
--
ALTER TABLE `tb_car`
  ADD PRIMARY KEY (`id`),
  ADD KEY `bu_id` (`bu_id`);

--
-- Indexes for table `tb_cardinvoice`
--
ALTER TABLE `tb_cardinvoice`
  ADD PRIMARY KEY (`id`);

--
-- Indexes for table `tb_diary_record_car`
--
ALTER TABLE `tb_diary_record_car`
  ADD PRIMARY KEY (`id`);

--
-- Indexes for table `tb_driver`
--
ALTER TABLE `tb_driver`
  ADD PRIMARY KEY (`id`),
  ADD KEY `bu_id` (`bu_id`);

--
-- Indexes for table `tb_employee`
--
ALTER TABLE `tb_employee`
  ADD PRIMARY KEY (`empId`);

--
-- Indexes for table `tb_feecard`
--
ALTER TABLE `tb_feecard`
  ADD PRIMARY KEY (`id`);

--
-- Indexes for table `tb_gasprice`
--
ALTER TABLE `tb_gasprice`
  ADD PRIMARY KEY (`id`);

--
-- Indexes for table `tb_modelcar`
--
ALTER TABLE `tb_modelcar`
  ADD PRIMARY KEY (`id`);

--
-- Indexes for table `tb_move_car`
--
ALTER TABLE `tb_move_car`
  ADD PRIMARY KEY (`id`);

--
-- Indexes for table `tb_repair`
--
ALTER TABLE `tb_repair`
  ADD PRIMARY KEY (`id`);

--
-- Indexes for table `tb_repair_detail`
--
ALTER TABLE `tb_repair_detail`
  ADD PRIMARY KEY (`id`);

--
-- Indexes for table `tb_status`
--
ALTER TABLE `tb_status`
  ADD PRIMARY KEY (`id`);

--
-- Indexes for table `tb_typecar`
--
ALTER TABLE `tb_typecar`
  ADD PRIMARY KEY (`id`);

--
-- Indexes for table `tb_unit`
--
ALTER TABLE `tb_unit`
  ADD PRIMARY KEY (`id`);

--
-- Indexes for table `tb_user`
--
ALTER TABLE `tb_user`
  ADD PRIMARY KEY (`user_id`),
  ADD KEY `role_id` (`role_id`),
  ADD KEY `bu_id` (`bu_id`);

--
-- Indexes for table `tb_user_role`
--
ALTER TABLE `tb_user_role`
  ADD PRIMARY KEY (`role_id`);

--
-- AUTO_INCREMENT for dumped tables
--

--
-- AUTO_INCREMENT for table `tb_brandcar`
--
ALTER TABLE `tb_brandcar`
  MODIFY `id` int(11) NOT NULL AUTO_INCREMENT, AUTO_INCREMENT=10;
--
-- AUTO_INCREMENT for table `tb_budget`
--
ALTER TABLE `tb_budget`
  MODIFY `id` int(11) NOT NULL AUTO_INCREMENT, AUTO_INCREMENT=121;
--
-- AUTO_INCREMENT for table `tb_business`
--
ALTER TABLE `tb_business`
  MODIFY `id` int(11) NOT NULL AUTO_INCREMENT, AUTO_INCREMENT=11;
--
-- AUTO_INCREMENT for table `tb_car`
--
ALTER TABLE `tb_car`
  MODIFY `id` int(11) NOT NULL AUTO_INCREMENT, AUTO_INCREMENT=63;
--
-- AUTO_INCREMENT for table `tb_cardinvoice`
--
ALTER TABLE `tb_cardinvoice`
  MODIFY `id` int(11) NOT NULL AUTO_INCREMENT;
--
-- AUTO_INCREMENT for table `tb_diary_record_car`
--
ALTER TABLE `tb_diary_record_car`
  MODIFY `id` int(11) NOT NULL AUTO_INCREMENT, AUTO_INCREMENT=1134;
--
-- AUTO_INCREMENT for table `tb_driver`
--
ALTER TABLE `tb_driver`
  MODIFY `id` int(11) NOT NULL AUTO_INCREMENT, AUTO_INCREMENT=15;
--
-- AUTO_INCREMENT for table `tb_employee`
--
ALTER TABLE `tb_employee`
  MODIFY `empId` int(11) NOT NULL AUTO_INCREMENT, AUTO_INCREMENT=8;
--
-- AUTO_INCREMENT for table `tb_feecard`
--
ALTER TABLE `tb_feecard`
  MODIFY `id` int(11) NOT NULL AUTO_INCREMENT, AUTO_INCREMENT=22;
--
-- AUTO_INCREMENT for table `tb_gasprice`
--
ALTER TABLE `tb_gasprice`
  MODIFY `id` int(11) NOT NULL AUTO_INCREMENT, AUTO_INCREMENT=6;
--
-- AUTO_INCREMENT for table `tb_modelcar`
--
ALTER TABLE `tb_modelcar`
  MODIFY `id` int(11) NOT NULL AUTO_INCREMENT, AUTO_INCREMENT=8;
--
-- AUTO_INCREMENT for table `tb_move_car`
--
ALTER TABLE `tb_move_car`
  MODIFY `id` int(11) NOT NULL AUTO_INCREMENT;
--
-- AUTO_INCREMENT for table `tb_repair`
--
ALTER TABLE `tb_repair`
  MODIFY `id` int(11) NOT NULL AUTO_INCREMENT, AUTO_INCREMENT=8;
--
-- AUTO_INCREMENT for table `tb_repair_detail`
--
ALTER TABLE `tb_repair_detail`
  MODIFY `id` int(11) NOT NULL AUTO_INCREMENT, AUTO_INCREMENT=27;
--
-- AUTO_INCREMENT for table `tb_status`
--
ALTER TABLE `tb_status`
  MODIFY `id` int(11) NOT NULL AUTO_INCREMENT, AUTO_INCREMENT=6;
--
-- AUTO_INCREMENT for table `tb_typecar`
--
ALTER TABLE `tb_typecar`
  MODIFY `id` int(11) NOT NULL AUTO_INCREMENT, AUTO_INCREMENT=9;
--
-- AUTO_INCREMENT for table `tb_unit`
--
ALTER TABLE `tb_unit`
  MODIFY `id` int(11) NOT NULL AUTO_INCREMENT, AUTO_INCREMENT=55;
--
-- AUTO_INCREMENT for table `tb_user`
--
ALTER TABLE `tb_user`
  MODIFY `user_id` int(11) NOT NULL AUTO_INCREMENT, AUTO_INCREMENT=8;
--
-- AUTO_INCREMENT for table `tb_user_role`
--
ALTER TABLE `tb_user_role`
  MODIFY `role_id` int(11) NOT NULL AUTO_INCREMENT, AUTO_INCREMENT=3;
/*!40101 SET CHARACTER_SET_CLIENT=@OLD_CHARACTER_SET_CLIENT */;
/*!40101 SET CHARACTER_SET_RESULTS=@OLD_CHARACTER_SET_RESULTS */;
/*!40101 SET COLLATION_CONNECTION=@OLD_COLLATION_CONNECTION */;
